index, address, array, ip_fold_1, pf_degree, valid, ppf_prediction
1, 66247202, ( 461 ), ( 0 ), ( 1 ), ( 1 ), ( 0 )
2, 68427706, ( 427 ), ( 56 ), ( 3 ), ( 1 ), ( 0 )
3, 68427701, ( 420 ), ( 0 ), ( 1 ), ( 1 ), ( 0 )
4, 68427699, ( 417 425 ), ( 0 0 ), ( 1 2 ), ( 1 1 ), ( 0 0 )
5, 68427696, ( 411 419 ), ( 0 0 ), ( 1 2 ), ( 1 1 ), ( 0 0 )
6, 68427694, ( 408 416 424 ), ( 0 0 53 ), ( 1 2 3 ), ( 1 1 1 ), ( 0 0 0 )
7, 68427689, ( 407 415 ), ( 0 53 ), ( 2 3 ), ( 1 1 ), ( 0 0 )
8, 68427684, ( 406 ), ( 53 ), ( 3 ), ( 1 ), ( 0 )
9, 68427691, ( 402 410 418 ), ( 0 0 52 ), ( 1 2 3 ), ( 1 1 1 ), ( 0 0 0 )
10, 68427686, ( 401 409 ), ( 0 52 ), ( 2 3 ), ( 1 1 ), ( 0 0 )
11, 68427681, ( 400 ), ( 52 ), ( 3 ), ( 1 ), ( 0 )
12, 68427679, ( 399 ), ( 0 ), ( 1 ), ( 1 ), ( 0 )
13, 68427676, ( 393 ), ( 0 ), ( 1 ), ( 1 ), ( 0 )
14, 68427671, ( 392 ), ( 0 ), ( 2 ), ( 1 ), ( 0 )
15, 68427666, ( 391 ), ( 56 ), ( 3 ), ( 1 ), ( 0 )
16, 105790989, ( 384 ), ( 0 ), ( 1 ), ( 1 ), ( 0 )
17, 105790986, ( 378 ), ( 0 ), ( 1 ), ( 1 ), ( 0 )
18, 105790984, ( 375 383 ), ( 0 0 ), ( 1 2 ), ( 1 1 ), ( 0 0 )
19, 105790979, ( 374 382 ), ( 0 56 ), ( 2 3 ), ( 1 1 ), ( 0 0 )
20, 105790974, ( 373 ), ( 56 ), ( 3 ), ( 1 ), ( 0 )
21, 105790972, ( 370 ), ( 57 ), ( 3 ), ( 1 ), ( 0 )
22, 105790981, ( 369 377 ), ( 0 0 ), ( 1 2 ), ( 1 1 ), ( 0 0 )
23, 105790976, ( 368 376 ), ( 0 56 ), ( 2 3 ), ( 1 1 ), ( 0 0 )
24, 105790971, ( 367 ), ( 56 ), ( 3 ), ( 1 ), ( 0 )
25, 105790964, ( 366 ), ( 0 ), ( 1 ), ( 1 ), ( 0 )
26, 105790962, ( 363 ), ( 0 ), ( 1 ), ( 1 ), ( 0 )
27, 105790961, ( 360 ), ( 0 ), ( 1 ), ( 1 ), ( 0 )
28, 105790959, ( 357 365 ), ( 0 0 ), ( 1 2 ), ( 1 1 ), ( 0 0 )
29, 105790957, ( 354 362 ), ( 0 0 ), ( 1 2 ), ( 1 1 ), ( 0 0 )
30, 105790956, ( 351 359 ), ( 0 0 ), ( 1 2 ), ( 1 1 ), ( 0 0 )
31, 105790954, ( 348 356 364 ), ( 0 0 56 ), ( 1 2 3 ), ( 1 1 1 ), ( 0 0 0 )
32, 105790952, ( 345 353 361 ), ( 0 0 57 ), ( 1 2 3 ), ( 1 1 1 ), ( 0 0 0 )
33, 105790951, ( 342 350 358 ), ( 0 0 56 ), ( 1 2 3 ), ( 1 1 1 ), ( 0 0 0 )
34, 105790949, ( 339 347 355 ), ( 0 0 56 ), ( 1 2 3 ), ( 1 1 1 ), ( 0 0 0 )
35, 105790947, ( 336 344 352 ), ( 0 0 57 ), ( 1 2 3 ), ( 1 1 1 ), ( 0 0 0 )
36, 105790946, ( 333 341 349 ), ( 0 0 56 ), ( 1 2 3 ), ( 1 1 1 ), ( 0 0 0 )
37, 105790944, ( 330 338 346 ), ( 0 0 56 ), ( 1 2 3 ), ( 1 1 1 ), ( 0 0 0 )
38, 105790939, ( 329 337 ), ( 0 56 ), ( 2 3 ), ( 1 1 ), ( 0 0 )
39, 105790934, ( 328 ), ( 56 ), ( 3 ), ( 1 ), ( 0 )
40, 105790942, ( 327 335 343 ), ( 0 0 57 ), ( 1 2 3 ), ( 1 1 1 ), ( 0 0 0 )
41, 105790941, ( 324 332 340 ), ( 0 0 56 ), ( 1 2 3 ), ( 1 1 1 ), ( 0 0 0 )
42, 105790936, ( 323 331 ), ( 0 56 ), ( 2 3 ), ( 1 1 ), ( 0 0 )
43, 105790931, ( 322 ), ( 56 ), ( 3 ), ( 1 ), ( 0 )
44, 105790937, ( 321 326 334 ), ( 0 0 57 ), ( 1 2 3 ), ( 1 1 1 ), ( 0 0 0 )
45, 57288206, ( 318 ), ( 0 ), ( 1 ), ( 1 ), ( 0 )
46, 57288184, ( 297 305 307 ), ( 0 0 56 ), ( 1 2 3 ), ( 1 1 1 ), ( 0 0 0 )
47, 28072206, ( 240 ), ( 0 ), ( 1 ), ( 1 ), ( 0 )
48, 28072205, ( 237 ), ( 0 ), ( 1 ), ( 1 ), ( 0 )
49, 28072201, ( 234 239 ), ( 0 0 ), ( 1 2 ), ( 1 1 ), ( 0 0 )
50, 28072200, ( 231 236 ), ( 0 0 ), ( 1 2 ), ( 1 1 ), ( 0 0 )
51, 28072196, ( 228 233 238 ), ( 0 0 53 ), ( 1 2 3 ), ( 1 1 1 ), ( 0 0 0 )
52, 28072195, ( 225 230 235 ), ( 0 0 51 ), ( 1 2 3 ), ( 1 1 1 ), ( 0 0 0 )
53, 28072190, ( 224 229 ), ( 0 51 ), ( 2 3 ), ( 1 1 ), ( 0 0 )
54, 28072185, ( 223 ), ( 51 ), ( 3 ), ( 1 ), ( 0 )
55, 28072183, ( 222 ), ( 0 ), ( 1 ), ( 1 ), ( 0 )
56, 28072180, ( 216 ), ( 0 ), ( 1 ), ( 1 ), ( 0 )
57, 28072178, ( 213 221 ), ( 0 0 ), ( 1 2 ), ( 1 1 ), ( 0 0 )
58, 28072175, ( 207 215 ), ( 0 0 ), ( 1 2 ), ( 1 1 ), ( 0 0 )
59, 28072173, ( 204 212 220 ), ( 0 0 56 ), ( 1 2 3 ), ( 1 1 1 ), ( 0 0 0 )
60, 28072170, ( 198 206 214 ), ( 0 0 56 ), ( 1 2 3 ), ( 1 1 1 ), ( 0 0 0 )
61, 28072168, ( 195 203 211 ), ( 0 0 56 ), ( 1 2 3 ), ( 1 1 1 ), ( 0 0 0 )
62, 28072165, ( 189 197 205 ), ( 0 0 56 ), ( 1 2 3 ), ( 1 1 1 ), ( 0 0 0 )
63, 28072163, ( 186 194 202 ), ( 0 0 56 ), ( 1 2 3 ), ( 1 1 1 ), ( 0 0 0 )
64, 28072160, ( 180 188 196 ), ( 0 0 56 ), ( 1 2 3 ), ( 1 1 1 ), ( 0 0 0 )
65, 28072158, ( 177 185 193 ), ( 0 0 56 ), ( 1 2 3 ), ( 1 1 1 ), ( 0 0 0 )
66, 28072146, ( 172 ), ( 57 ), ( 3 ), ( 1 ), ( 0 )
67, 28072155, ( 171 179 187 ), ( 0 0 56 ), ( 1 2 3 ), ( 1 1 1 ), ( 0 0 0 )
68, 28072150, ( 170 178 ), ( 0 56 ), ( 2 3 ), ( 1 1 ), ( 0 0 )
69, 28072145, ( 169 ), ( 56 ), ( 3 ), ( 1 ), ( 0 )
70, 28072153, ( 168 176 184 ), ( 0 0 56 ), ( 1 2 3 ), ( 1 1 1 ), ( 0 0 0 )
71, 28072148, ( 167 175 ), ( 0 56 ), ( 2 3 ), ( 1 1 ), ( 0 0 )
72, 28072143, ( 166 ), ( 56 ), ( 3 ), ( 1 ), ( 0 )
73, 23141868, ( 136 ), ( 52 ), ( 3 ), ( 1 ), ( 0 )
74, 23141871, ( 134 142 ), ( 0 53 ), ( 2 3 ), ( 1 1 ), ( 0 0 )
75, 23141870, ( 131 139 ), ( 0 51 ), ( 2 3 ), ( 1 1 ), ( 0 0 )
76, 23141846, ( 115 ), ( 57 ), ( 3 ), ( 1 ), ( 0 )
77, 23141848, ( 110 118 ), ( 0 56 ), ( 2 3 ), ( 1 1 ), ( 0 0 )
78, 23141843, ( 109 ), ( 56 ), ( 3 ), ( 1 ), ( 0 )
79, 11017207, ( 105 ), ( 0 ), ( 1 ), ( 1 ), ( 0 )
80, 11017205, ( 102 ), ( 0 ), ( 1 ), ( 1 ), ( 0 )
81, 11017203, ( 99 107 ), ( 0 0 ), ( 1 2 ), ( 1 1 ), ( 0 0 )
82, 11017202, ( 96 104 ), ( 0 0 ), ( 1 2 ), ( 1 1 ), ( 0 0 )
83, 11017200, ( 93 101 ), ( 0 0 ), ( 1 2 ), ( 1 1 ), ( 0 0 )
84, 11017195, ( 92 100 ), ( 0 56 ), ( 2 3 ), ( 1 1 ), ( 0 0 )
85, 11017190, ( 91 ), ( 56 ), ( 3 ), ( 1 ), ( 0 )
86, 11017197, ( 87 95 103 ), ( 0 0 56 ), ( 1 2 3 ), ( 1 1 1 ), ( 0 0 0 )
87, 11017192, ( 86 94 ), ( 0 56 ), ( 2 3 ), ( 1 1 ), ( 0 0 )
88, 11017187, ( 85 ), ( 56 ), ( 3 ), ( 1 ), ( 0 )
89, 11017178, ( 84 ), ( 0 ), ( 1 ), ( 1 ), ( 0 )
90, 11017173, ( 83 ), ( 0 ), ( 2 ), ( 1 ), ( 0 )
91, 11017168, ( 82 ), ( 57 ), ( 3 ), ( 1 ), ( 0 )
92, 114760718, ( 18 ), ( 0 ), ( 1 ), ( 1 ), ( 0 )
93, 114760716, ( 15 ), ( 0 ), ( 1 ), ( 1 ), ( 0 )
94, 114760714, ( 12 ), ( 0 ), ( 1 ), ( 1 ), ( 0 )
95, 114760709, ( 11 ), ( 0 ), ( 2 ), ( 1 ), ( 0 )
96, 114760704, ( 10 ), ( 57 ), ( 3 ), ( 1 ), ( 0 )
97, 114760713, ( 9 17 ), ( 0 0 ), ( 1 2 ), ( 1 1 ), ( 0 0 )
98, 114760708, ( 8 16 ), ( 0 56 ), ( 2 3 ), ( 1 1 ), ( 0 0 )
99, 114760703, ( 7 ), ( 56 ), ( 3 ), ( 1 ), ( 0 )
100, 114760711, ( 6 14 ), ( 0 0 ), ( 1 2 ), ( 1 1 ), ( 0 0 )
101, 114760706, ( 5 13 ), ( 0 56 ), ( 2 3 ), ( 1 1 ), ( 0 0 )
102, 114760701, ( 4 ), ( 56 ), ( 3 ), ( 1 ), ( 0 )
103, 114760699, ( 3 ), ( 0 ), ( 1 ), ( 1 ), ( 0 )
104, 114760698, ( 0 ), ( 0 ), ( 1 ), ( 1 ), ( 0 )
105, 114760693, ( 2047 ), ( 0 ), ( 2 ), ( 1 ), ( 0 )
106, 114760688, ( 2046 ), ( 51 ), ( 3 ), ( 1 ), ( 0 )
107, 114760683, ( 2040 ), ( 0 ), ( 1 ), ( 1 ), ( 0 )
108, 114760678, ( 2031 2039 ), ( 0 0 ), ( 1 2 ), ( 1 1 ), ( 0 0 )
109, 114760676, ( 2028 2036 2043 ), ( 0 0 56 ), ( 1 2 3 ), ( 1 1 1 ), ( 0 0 0 )
110, 114760673, ( 2022 2030 2038 ), ( 0 0 56 ), ( 1 2 3 ), ( 1 1 1 ), ( 0 0 0 )
111, 114760671, ( 2019 2027 2035 ), ( 0 0 56 ), ( 1 2 3 ), ( 1 1 1 ), ( 0 0 0 )
112, 114760668, ( 2013 2021 2029 ), ( 0 0 56 ), ( 1 2 3 ), ( 1 1 1 ), ( 0 0 0 )
113, 114760663, ( 2012 2020 ), ( 0 56 ), ( 2 3 ), ( 1 1 ), ( 0 0 )
114, 114760658, ( 2011 ), ( 56 ), ( 3 ), ( 1 ), ( 0 )
115, 10536703, ( 2007 ), ( 0 ), ( 1 ), ( 1 ), ( 0 )
116, 10536698, ( 2006 ), ( 0 ), ( 2 ), ( 1 ), ( 0 )
117, 10536693, ( 2005 ), ( 57 ), ( 3 ), ( 1 ), ( 0 )
118, 10536702, ( 2004 ), ( 0 ), ( 1 ), ( 1 ), ( 0 )
119, 10536697, ( 2003 ), ( 0 ), ( 2 ), ( 1 ), ( 0 )
120, 11017208, ( 108 ), ( 0 ), ( 1 ), ( 1 ), ( 0 )
121, 10536692, ( 2002 ), ( 56 ), ( 3 ), ( 1 ), ( 0 )
122, 10536683, ( 2001 ), ( 0 ), ( 1 ), ( 1 ), ( 0 )
123, 11017198, ( 90 98 106 ), ( 0 0 57 ), ( 1 2 3 ), ( 1 1 1 ), ( 0 0 0 )
124, 10536682, ( 1998 ), ( 0 ), ( 1 ), ( 1 ), ( 0 )
125, 10536680, ( 1995 ), ( 0 ), ( 1 ), ( 1 ), ( 0 )
126, 10536678, ( 1992 2000 ), ( 0 0 ), ( 1 2 ), ( 1 1 ), ( 0 0 )
127, 11017193, ( 89 97 ), ( 0 57 ), ( 2 3 ), ( 1 1 ), ( 0 0 )
128, 10536677, ( 1989 1997 ), ( 0 0 ), ( 1 2 ), ( 1 1 ), ( 0 0 )
129, 11017188, ( 88 ), ( 57 ), ( 3 ), ( 1 ), ( 0 )
130, 10536672, ( 1988 1996 ), ( 0 56 ), ( 2 3 ), ( 1 1 ), ( 0 0 )
131, 10536667, ( 1987 ), ( 56 ), ( 3 ), ( 1 ), ( 0 )
132, 10536675, ( 1986 1994 ), ( 0 0 ), ( 1 2 ), ( 1 1 ), ( 0 0 )
133, 10536673, ( 1983 1991 1999 ), ( 0 0 57 ), ( 1 2 3 ), ( 1 1 1 ), ( 0 0 0 )
134, 10536670, ( 1980 1985 1993 ), ( 0 0 56 ), ( 1 2 3 ), ( 1 1 1 ), ( 0 0 0 )
135, 10536668, ( 1977 1982 1990 ), ( 0 0 57 ), ( 1 2 3 ), ( 1 1 1 ), ( 0 0 0 )
136, 10536663, ( 1976 1981 ), ( 0 57 ), ( 2 3 ), ( 1 1 ), ( 0 0 )
137, 10536658, ( 1975 ), ( 57 ), ( 3 ), ( 1 ), ( 0 )
138, 10536665, ( 1974 1979 1984 ), ( 0 0 56 ), ( 1 2 3 ), ( 1 1 1 ), ( 0 0 0 )
139, 10536660, ( 1973 1978 ), ( 0 56 ), ( 2 3 ), ( 1 1 ), ( 0 0 )
140, 10536655, ( 1972 ), ( 56 ), ( 3 ), ( 1 ), ( 0 )
141, 21633664, ( 1971 ), ( 0 ), ( 1 ), ( 1 ), ( 0 )
142, 21633662, ( 1968 ), ( 0 ), ( 1 ), ( 1 ), ( 0 )
143, 21633661, ( 1965 ), ( 0 ), ( 1 ), ( 1 ), ( 0 )
144, 21633659, ( 1962 1970 ), ( 0 0 ), ( 1 2 ), ( 1 1 ), ( 0 0 )
145, 21633657, ( 1959 1967 ), ( 0 0 ), ( 1 2 ), ( 1 1 ), ( 0 0 )
146, 21633656, ( 1956 1964 ), ( 0 0 ), ( 1 2 ), ( 1 1 ), ( 0 0 )
147, 21633654, ( 1953 1961 1969 ), ( 0 0 56 ), ( 1 2 3 ), ( 1 1 1 ), ( 0 0 0 )
148, 21633652, ( 1950 1958 1966 ), ( 0 0 57 ), ( 1 2 3 ), ( 1 1 1 ), ( 0 0 0 )
149, 21633651, ( 1947 1955 1963 ), ( 0 0 56 ), ( 1 2 3 ), ( 1 1 1 ), ( 0 0 0 )
150, 21633649, ( 1944 1952 1960 ), ( 0 0 56 ), ( 1 2 3 ), ( 1 1 1 ), ( 0 0 0 )
151, 21633647, ( 1941 1949 1957 ), ( 0 0 57 ), ( 1 2 3 ), ( 1 1 1 ), ( 0 0 0 )
152, 21633646, ( 1938 1946 1954 ), ( 0 0 56 ), ( 1 2 3 ), ( 1 1 1 ), ( 0 0 0 )
153, 21633644, ( 1935 1943 1951 ), ( 0 0 56 ), ( 1 2 3 ), ( 1 1 1 ), ( 0 0 0 )
154, 21633642, ( 1932 1940 1948 ), ( 0 0 57 ), ( 1 2 3 ), ( 1 1 1 ), ( 0 0 0 )
155, 21633641, ( 1929 1937 1945 ), ( 0 0 56 ), ( 1 2 3 ), ( 1 1 1 ), ( 0 0 0 )
156, 21633639, ( 1926 1934 1942 ), ( 0 0 56 ), ( 1 2 3 ), ( 1 1 1 ), ( 0 0 0 )
157, 21633637, ( 1923 1931 1939 ), ( 0 0 57 ), ( 1 2 3 ), ( 1 1 1 ), ( 0 0 0 )
158, 21633636, ( 1920 1928 1936 ), ( 0 0 56 ), ( 1 2 3 ), ( 1 1 1 ), ( 0 0 0 )
159, 21633634, ( 1917 1925 1933 ), ( 0 0 56 ), ( 1 2 3 ), ( 1 1 1 ), ( 0 0 0 )
160, 21633632, ( 1914 1922 1930 ), ( 0 0 57 ), ( 1 2 3 ), ( 1 1 1 ), ( 0 0 0 )
161, 21633631, ( 1911 1919 1927 ), ( 0 0 56 ), ( 1 2 3 ), ( 1 1 1 ), ( 0 0 0 )
162, 21633629, ( 1908 1916 1924 ), ( 0 0 56 ), ( 1 2 3 ), ( 1 1 1 ), ( 0 0 0 )
163, 21633624, ( 1907 1915 ), ( 0 56 ), ( 2 3 ), ( 1 1 ), ( 0 0 )
164, 21633619, ( 1906 ), ( 56 ), ( 3 ), ( 1 ), ( 0 )
165, 21633627, ( 1905 1913 1921 ), ( 0 0 57 ), ( 1 2 3 ), ( 1 1 1 ), ( 0 0 0 )
166, 21633622, ( 1904 1912 ), ( 0 57 ), ( 2 3 ), ( 1 1 ), ( 0 0 )
167, 21633617, ( 1903 ), ( 57 ), ( 3 ), ( 1 ), ( 0 )
168, 21633626, ( 1902 1910 1918 ), ( 0 0 56 ), ( 1 2 3 ), ( 1 1 1 ), ( 0 0 0 )
169, 21633621, ( 1901 1909 ), ( 0 56 ), ( 2 3 ), ( 1 1 ), ( 0 0 )
170, 21633616, ( 1900 ), ( 56 ), ( 3 ), ( 1 ), ( 0 )
171, 87297991, ( 1893 ), ( 0 ), ( 1 ), ( 1 ), ( 0 )
172, 87297990, ( 1890 ), ( 0 ), ( 1 ), ( 1 ), ( 0 )
173, 87297986, ( 1884 1892 ), ( 0 0 ), ( 1 2 ), ( 1 1 ), ( 0 0 )
174, 87297985, ( 1881 1889 ), ( 0 0 ), ( 1 2 ), ( 1 1 ), ( 0 0 )
175, 87297983, ( 1878 1886 1894 ), ( 0 0 56 ), ( 1 2 3 ), ( 1 1 1 ), ( 0 0 0 )
176, 87297981, ( 1875 1883 1891 ), ( 0 0 57 ), ( 1 2 3 ), ( 1 1 1 ), ( 0 0 0 )
177, 87297980, ( 1872 1880 1888 ), ( 0 0 56 ), ( 1 2 3 ), ( 1 1 1 ), ( 0 0 0 )
178, 87297978, ( 1869 1877 1885 ), ( 0 0 56 ), ( 1 2 3 ), ( 1 1 1 ), ( 0 0 0 )
179, 87297976, ( 1866 1874 1882 ), ( 0 0 57 ), ( 1 2 3 ), ( 1 1 1 ), ( 0 0 0 )
180, 87297975, ( 1863 1871 1879 ), ( 0 0 56 ), ( 1 2 3 ), ( 1 1 1 ), ( 0 0 0 )
181, 87297973, ( 1860 1868 1876 ), ( 0 0 56 ), ( 1 2 3 ), ( 1 1 1 ), ( 0 0 0 )
182, 87297971, ( 1857 1865 1873 ), ( 0 0 57 ), ( 1 2 3 ), ( 1 1 1 ), ( 0 0 0 )
183, 87297970, ( 1854 1862 1870 ), ( 0 0 56 ), ( 1 2 3 ), ( 1 1 1 ), ( 0 0 0 )
184, 87297968, ( 1851 1859 1867 ), ( 0 0 56 ), ( 1 2 3 ), ( 1 1 1 ), ( 0 0 0 )
185, 87297966, ( 1848 1856 1864 ), ( 0 0 57 ), ( 1 2 3 ), ( 1 1 1 ), ( 0 0 0 )
186, 87297965, ( 1845 1853 1861 ), ( 0 0 56 ), ( 1 2 3 ), ( 1 1 1 ), ( 0 0 0 )
187, 87297963, ( 1842 1850 1858 ), ( 0 0 56 ), ( 1 2 3 ), ( 1 1 1 ), ( 0 0 0 )
188, 87297961, ( 1839 1847 1855 ), ( 0 0 57 ), ( 1 2 3 ), ( 1 1 1 ), ( 0 0 0 )
189, 87297956, ( 1838 1846 ), ( 0 57 ), ( 2 3 ), ( 1 1 ), ( 0 0 )
190, 87297951, ( 1837 ), ( 57 ), ( 3 ), ( 1 ), ( 0 )
191, 87297960, ( 1836 1844 1852 ), ( 0 0 56 ), ( 1 2 3 ), ( 1 1 1 ), ( 0 0 0 )
192, 87297955, ( 1835 1843 ), ( 0 56 ), ( 2 3 ), ( 1 1 ), ( 0 0 )
193, 87297958, ( 1833 1841 1849 ), ( 0 0 56 ), ( 1 2 3 ), ( 1 1 1 ), ( 0 0 0 )
194, 87297953, ( 1832 1840 ), ( 0 56 ), ( 2 3 ), ( 1 1 ), ( 0 0 )
195, 87297948, ( 1831 ), ( 56 ), ( 3 ), ( 1 ), ( 0 )
196, 87297946, ( 1830 ), ( 0 ), ( 1 ), ( 1 ), ( 0 )
197, 87297941, ( 1829 ), ( 0 ), ( 2 ), ( 1 ), ( 0 )
198, 87297936, ( 1828 ), ( 53 ), ( 3 ), ( 1 ), ( 0 )
199, 69234243, ( 1824 ), ( 0 ), ( 1 ), ( 1 ), ( 0 )
200, 69234238, ( 1815 1823 ), ( 0 0 ), ( 1 2 ), ( 1 1 ), ( 0 0 )
201, 69234233, ( 1806 1814 1822 ), ( 0 0 56 ), ( 1 2 3 ), ( 1 1 1 ), ( 0 0 0 )
202, 69234231, ( 1803 1811 1819 ), ( 0 0 57 ), ( 1 2 3 ), ( 1 1 1 ), ( 0 0 0 )
203, 69234228, ( 1797 1805 1813 ), ( 0 0 56 ), ( 1 2 3 ), ( 1 1 1 ), ( 0 0 0 )
204, 69234225, ( 1791 1799 1807 ), ( 0 0 56 ), ( 1 2 3 ), ( 1 1 1 ), ( 0 0 0 )
205, 69234220, ( 1790 1798 ), ( 0 56 ), ( 2 3 ), ( 1 1 ), ( 0 0 )
206, 69234223, ( 1788 1796 1804 ), ( 0 0 56 ), ( 1 2 3 ), ( 1 1 1 ), ( 0 0 0 )
207, 69234218, ( 1781 1787 1795 ), ( 0 0 56 ), ( 1 2 3 ), ( 1 1 1 ), ( 0 0 0 )
208, 69234213, ( 1772 1780 1786 ), ( 0 0 56 ), ( 1 2 3 ), ( 1 1 1 ), ( 0 0 0 )
209, 210525, ( 24 29 37 ), ( 0 0 56 ), ( 1 2 3 ), ( 1 1 1 ), ( 0 0 0 )
210, 69234211, ( 1769 1777 1783 ), ( 0 0 57 ), ( 1 2 3 ), ( 1 1 1 ), ( 0 0 0 )
211, 95486789, ( 1757 ), ( 0 ), ( 1 ), ( 1 ), ( 0 )
212, 95486784, ( 1748 1756 ), ( 0 0 ), ( 1 2 ), ( 1 1 ), ( 0 0 )
213, 210551, ( 58 ), ( 57 ), ( 3 ), ( 1 ), ( 0 )
214, 95486776, ( 1741 1749 ), ( 0 52 ), ( 2 3 ), ( 1 1 ), ( 0 0 )
215, 95486771, ( 1740 ), ( 52 ), ( 3 ), ( 1 ), ( 0 )
216, 69234240, ( 1818 ), ( 0 ), ( 1 ), ( 1 ), ( 0 )
217, 95486779, ( 1739 1747 1755 ), ( 0 0 53 ), ( 1 2 3 ), ( 1 1 1 ), ( 0 0 0 )
218, 69234235, ( 1809 1817 ), ( 0 0 ), ( 1 2 ), ( 1 1 ), ( 0 0 )
219, 95486774, ( 1738 1746 ), ( 0 53 ), ( 2 3 ), ( 1 1 ), ( 0 0 )
220, 69234230, ( 1800 1808 1816 ), ( 0 0 56 ), ( 1 2 3 ), ( 1 1 1 ), ( 0 0 0 )
221, 95486769, ( 1737 ), ( 53 ), ( 3 ), ( 1 ), ( 0 )
222, 95486773, ( 1735 1743 ), ( 0 51 ), ( 2 3 ), ( 1 1 ), ( 0 0 )
223, 69234215, ( 1775 1789 ), ( 0 56 ), ( 1 3 ), ( 1 1 ), ( 0 0 )
224, 95486754, ( 1730 ), ( 0 ), ( 1 ), ( 1 ), ( 0 )
225, 210526, ( 32 40 ), ( 0 57 ), ( 2 3 ), ( 1 1 ), ( 0 0 )
226, 95486751, ( 1726 ), ( 0 ), ( 1 ), ( 1 ), ( 0 )
227, 69234210, ( 1766 1774 1782 ), ( 0 0 56 ), ( 1 2 3 ), ( 1 1 1 ), ( 0 0 0 )
228, 95486749, ( 1723 1729 ), ( 0 0 ), ( 1 2 ), ( 1 1 ), ( 0 0 )
229, 69234205, ( 1765 1773 ), ( 0 56 ), ( 2 3 ), ( 1 1 ), ( 0 0 )
230, 95486744, ( 1722 1728 ), ( 0 53 ), ( 2 3 ), ( 1 1 ), ( 0 0 )
231, 69234200, ( 1764 ), ( 56 ), ( 3 ), ( 1 ), ( 0 )
232, 95486739, ( 1721 ), ( 53 ), ( 3 ), ( 1 ), ( 0 )
233, 210543, ( 54 ), ( 0 ), ( 1 ), ( 1 ), ( 0 )
234, 95486768, ( 1734 ), ( 51 ), ( 3 ), ( 1 ), ( 0 )
235, 40257025, ( 1717 ), ( 0 ), ( 1 ), ( 1 ), ( 0 )
236, 210541, ( 51 ), ( 0 ), ( 1 ), ( 1 ), ( 0 )
237, 95486766, ( 1733 ), ( 0 ), ( 1 ), ( 1 ), ( 0 )
238, 40257023, ( 1714 ), ( 0 ), ( 1 ), ( 1 ), ( 0 )
239, 210536, ( 42 50 ), ( 0 0 ), ( 1 2 ), ( 1 1 ), ( 0 0 )
240, 95486761, ( 1732 ), ( 0 ), ( 2 ), ( 1 ), ( 0 )
241, 40257018, ( 1713 ), ( 0 ), ( 2 ), ( 1 ), ( 0 )
242, 210531, ( 33 41 49 ), ( 0 0 57 ), ( 1 2 3 ), ( 1 1 1 ), ( 0 0 0 )
243, 95486756, ( 1731 ), ( 56 ), ( 3 ), ( 1 ), ( 0 )
244, 40257013, ( 1712 ), ( 57 ), ( 3 ), ( 1 ), ( 0 )
245, 210540, ( 48 ), ( 0 ), ( 1 ), ( 1 ), ( 0 )
246, 69234226, ( 1794 1802 1810 ), ( 0 0 57 ), ( 1 2 3 ), ( 1 1 1 ), ( 0 0 0 )
247, 40257022, ( 1711 ), ( 0 ), ( 1 ), ( 1 ), ( 0 )
248, 210535, ( 39 47 ), ( 0 0 ), ( 1 2 ), ( 1 1 ), ( 0 0 )
249, 69234221, ( 1785 1793 1801 ), ( 0 0 57 ), ( 1 2 3 ), ( 1 1 1 ), ( 0 0 0 )
250, 40257017, ( 1710 ), ( 0 ), ( 2 ), ( 1 ), ( 0 )
251, 210530, ( 30 38 46 ), ( 0 0 56 ), ( 1 2 3 ), ( 1 1 1 ), ( 0 0 0 )
252, 69234216, ( 1778 1784 1792 ), ( 0 0 57 ), ( 1 2 3 ), ( 1 1 1 ), ( 0 0 0 )
253, 40257012, ( 1709 ), ( 56 ), ( 3 ), ( 1 ), ( 0 )
254, 210538, ( 45 53 ), ( 0 0 ), ( 1 2 ), ( 1 1 ), ( 0 0 )
255, 40257020, ( 1708 1716 ), ( 0 0 ), ( 1 2 ), ( 1 1 ), ( 0 0 )
256, 210533, ( 36 44 52 ), ( 0 0 56 ), ( 1 2 3 ), ( 1 1 1 ), ( 0 0 0 )
257, 40257015, ( 1707 1715 ), ( 0 56 ), ( 2 3 ), ( 1 1 ), ( 0 0 )
258, 210528, ( 27 35 43 ), ( 0 0 56 ), ( 1 2 3 ), ( 1 1 1 ), ( 0 0 0 )
259, 40257010, ( 1706 ), ( 56 ), ( 3 ), ( 1 ), ( 0 )
260, 210521, ( 31 ), ( 57 ), ( 3 ), ( 1 ), ( 0 )
261, 95486746, ( 1725 ), ( 0 ), ( 2 ), ( 1 ), ( 0 )
262, 40257003, ( 1705 ), ( 0 ), ( 1 ), ( 1 ), ( 0 )
263, 95486741, ( 1724 ), ( 52 ), ( 3 ), ( 1 ), ( 0 )
264, 40256998, ( 1696 1704 ), ( 0 0 ), ( 1 2 ), ( 1 1 ), ( 0 0 )
265, 40256993, ( 1695 1703 ), ( 0 57 ), ( 2 3 ), ( 1 1 ), ( 0 0 )
266, 40256988, ( 1694 ), ( 57 ), ( 3 ), ( 1 ), ( 0 )
267, 21278216, ( 1690 ), ( 0 ), ( 1 ), ( 1 ), ( 0 )
268, 21278211, ( 1689 ), ( 0 ), ( 2 ), ( 1 ), ( 0 )
269, 21278206, ( 1688 ), ( 53 ), ( 3 ), ( 1 ), ( 0 )
270, 21278215, ( 1687 ), ( 0 ), ( 1 ), ( 1 ), ( 0 )
271, 21278210, ( 1686 ), ( 0 ), ( 2 ), ( 1 ), ( 0 )
272, 21278205, ( 1685 ), ( 51 ), ( 3 ), ( 1 ), ( 0 )
273, 21278203, ( 1684 ), ( 0 ), ( 1 ), ( 1 ), ( 0 )
274, 21278201, ( 1681 ), ( 0 ), ( 1 ), ( 1 ), ( 0 )
275, 21278200, ( 1678 ), ( 0 ), ( 1 ), ( 1 ), ( 0 )
276, 21278198, ( 1675 1683 ), ( 0 0 ), ( 1 2 ), ( 1 1 ), ( 0 0 )
277, 21278196, ( 1672 1680 ), ( 0 0 ), ( 1 2 ), ( 1 1 ), ( 0 0 )
278, 21278195, ( 1669 1677 ), ( 0 0 ), ( 1 2 ), ( 1 1 ), ( 0 0 )
279, 21278193, ( 1666 1674 1682 ), ( 0 0 56 ), ( 1 2 3 ), ( 1 1 1 ), ( 0 0 0 )
280, 21278191, ( 1663 1671 1679 ), ( 0 0 57 ), ( 1 2 3 ), ( 1 1 1 ), ( 0 0 0 )
281, 21278190, ( 1660 1668 1676 ), ( 0 0 56 ), ( 1 2 3 ), ( 1 1 1 ), ( 0 0 0 )
282, 21278188, ( 1657 1665 1673 ), ( 0 0 56 ), ( 1 2 3 ), ( 1 1 1 ), ( 0 0 0 )
283, 21278186, ( 1654 1662 1670 ), ( 0 0 57 ), ( 1 2 3 ), ( 1 1 1 ), ( 0 0 0 )
284, 21278185, ( 1651 1659 1667 ), ( 0 0 56 ), ( 1 2 3 ), ( 1 1 1 ), ( 0 0 0 )
285, 21278183, ( 1648 1656 1664 ), ( 0 0 56 ), ( 1 2 3 ), ( 1 1 1 ), ( 0 0 0 )
286, 21278181, ( 1645 1653 1661 ), ( 0 0 57 ), ( 1 2 3 ), ( 1 1 1 ), ( 0 0 0 )
287, 21278180, ( 1642 1650 1658 ), ( 0 0 56 ), ( 1 2 3 ), ( 1 1 1 ), ( 0 0 0 )
288, 21278178, ( 1639 1647 1655 ), ( 0 0 56 ), ( 1 2 3 ), ( 1 1 1 ), ( 0 0 0 )
289, 21278176, ( 1636 1644 1652 ), ( 0 0 57 ), ( 1 2 3 ), ( 1 1 1 ), ( 0 0 0 )
290, 21278175, ( 1633 1641 1649 ), ( 0 0 56 ), ( 1 2 3 ), ( 1 1 1 ), ( 0 0 0 )
291, 21278173, ( 1630 1638 1646 ), ( 0 0 56 ), ( 1 2 3 ), ( 1 1 1 ), ( 0 0 0 )
292, 21278168, ( 1629 1637 ), ( 0 56 ), ( 2 3 ), ( 1 1 ), ( 0 0 )
293, 21278163, ( 1628 ), ( 56 ), ( 3 ), ( 1 ), ( 0 )
294, 21278171, ( 1627 1635 1643 ), ( 0 0 57 ), ( 1 2 3 ), ( 1 1 1 ), ( 0 0 0 )
295, 21278166, ( 1626 1634 ), ( 0 57 ), ( 2 3 ), ( 1 1 ), ( 0 0 )
296, 21278161, ( 1625 ), ( 57 ), ( 3 ), ( 1 ), ( 0 )
297, 21278170, ( 1624 1632 1640 ), ( 0 0 56 ), ( 1 2 3 ), ( 1 1 1 ), ( 0 0 0 )
298, 21278165, ( 1623 1631 ), ( 0 56 ), ( 2 3 ), ( 1 1 ), ( 0 0 )
299, 21278160, ( 1622 ), ( 56 ), ( 3 ), ( 1 ), ( 0 )
300, 68427698, ( 414 422 ), ( 0 0 ), ( 1 2 ), ( 1 1 ), ( 0 0 )
301, 117816386, ( 1620 ), ( 0 ), ( 2 ), ( 1 ), ( 0 )
302, 68427693, ( 405 413 421 ), ( 0 0 51 ), ( 1 2 3 ), ( 1 1 1 ), ( 0 0 0 )
303, 117816381, ( 1619 ), ( 53 ), ( 3 ), ( 1 ), ( 0 )
304, 117816390, ( 1618 ), ( 0 ), ( 1 ), ( 1 ), ( 0 )
305, 117816385, ( 1617 ), ( 0 ), ( 2 ), ( 1 ), ( 0 )
306, 117816380, ( 1616 ), ( 51 ), ( 3 ), ( 1 ), ( 0 )
307, 117816378, ( 1615 ), ( 0 ), ( 1 ), ( 1 ), ( 0 )
308, 68427688, ( 404 412 ), ( 0 51 ), ( 2 3 ), ( 1 1 ), ( 0 0 )
309, 117816376, ( 1612 ), ( 0 ), ( 1 ), ( 1 ), ( 0 )
310, 117816373, ( 1606 1614 ), ( 0 0 ), ( 1 2 ), ( 1 1 ), ( 0 0 )
311, 68427683, ( 403 ), ( 51 ), ( 3 ), ( 1 ), ( 0 )
312, 117816371, ( 1603 1611 ), ( 0 0 ), ( 1 2 ), ( 1 1 ), ( 0 0 )
313, 117816368, ( 1597 1605 1613 ), ( 0 0 56 ), ( 1 2 3 ), ( 1 1 1 ), ( 0 0 0 )
314, 68427678, ( 396 ), ( 0 ), ( 1 ), ( 1 ), ( 0 )
315, 117816366, ( 1594 1602 1610 ), ( 0 0 57 ), ( 1 2 3 ), ( 1 1 1 ), ( 0 0 0 )
316, 68427673, ( 387 395 ), ( 0 0 ), ( 1 2 ), ( 1 1 ), ( 0 0 )
317, 117816361, ( 1585 1593 1601 ), ( 0 0 57 ), ( 1 2 3 ), ( 1 1 1 ), ( 0 0 0 )
318, 68427668, ( 386 394 ), ( 0 56 ), ( 2 3 ), ( 1 1 ), ( 0 0 )
319, 117816356, ( 1576 1584 1592 ), ( 0 0 57 ), ( 1 2 3 ), ( 1 1 1 ), ( 0 0 0 )
320, 68427663, ( 385 ), ( 56 ), ( 3 ), ( 1 ), ( 0 )
321, 117816351, ( 1567 1575 1583 ), ( 0 0 57 ), ( 1 2 3 ), ( 1 1 1 ), ( 0 0 0 )
322, 117816343, ( 1560 1568 ), ( 0 56 ), ( 2 3 ), ( 1 1 ), ( 0 0 )
323, 117816346, ( 1558 1566 1574 ), ( 0 0 57 ), ( 1 2 3 ), ( 1 1 1 ), ( 0 0 0 )
324, 117816341, ( 1557 1565 ), ( 0 57 ), ( 2 3 ), ( 1 1 ), ( 0 0 )
325, 117816336, ( 1556 ), ( 57 ), ( 3 ), ( 1 ), ( 0 )
326, 117816340, ( 1554 1562 ), ( 0 56 ), ( 2 3 ), ( 1 1 ), ( 0 0 )
327, 57288204, ( 315 ), ( 0 ), ( 1 ), ( 1 ), ( 0 )
328, 126379789, ( 1552 ), ( 0 ), ( 1 ), ( 1 ), ( 0 )
329, 126379787, ( 1549 ), ( 0 ), ( 1 ), ( 1 ), ( 0 )
330, 57288201, ( 317 ), ( 0 ), ( 2 ), ( 1 ), ( 0 )
331, 126379786, ( 1546 ), ( 0 ), ( 1 ), ( 1 ), ( 0 )
332, 57288199, ( 312 314 ), ( 0 0 ), ( 1 2 ), ( 1 1 ), ( 0 0 )
333, 126379784, ( 1543 1551 ), ( 0 0 ), ( 1 2 ), ( 1 1 ), ( 0 0 )
334, 57288194, ( 309 311 313 ), ( 0 0 56 ), ( 1 2 3 ), ( 1 1 1 ), ( 0 0 0 )
335, 126379779, ( 1542 1550 ), ( 0 56 ), ( 2 3 ), ( 1 1 ), ( 0 0 )
336, 57288189, ( 306 308 310 ), ( 0 0 56 ), ( 1 2 3 ), ( 1 1 1 ), ( 0 0 0 )
337, 126379774, ( 1541 ), ( 56 ), ( 3 ), ( 1 ), ( 0 )
338, 126379782, ( 1540 1548 ), ( 0 0 ), ( 1 2 ), ( 1 1 ), ( 0 0 )
339, 57288196, ( 316 ), ( 56 ), ( 3 ), ( 1 ), ( 0 )
340, 126379781, ( 1537 1545 ), ( 0 0 ), ( 1 2 ), ( 1 1 ), ( 0 0 )
341, 126379777, ( 1534 1539 1547 ), ( 0 0 57 ), ( 1 2 3 ), ( 1 1 1 ), ( 0 0 0 )
342, 126379776, ( 1531 1536 1544 ), ( 0 0 56 ), ( 1 2 3 ), ( 1 1 1 ), ( 0 0 0 )
343, 57288187, ( 303 ), ( 0 ), ( 1 ), ( 1 ), ( 0 )
344, 126379772, ( 1528 1533 1538 ), ( 0 0 57 ), ( 1 2 3 ), ( 1 1 1 ), ( 0 0 0 )
345, 57288186, ( 300 ), ( 0 ), ( 1 ), ( 1 ), ( 0 )
346, 126379771, ( 1525 1530 1535 ), ( 0 0 56 ), ( 1 2 3 ), ( 1 1 1 ), ( 0 0 0 )
347, 57288182, ( 294 302 ), ( 0 0 ), ( 1 2 ), ( 1 1 ), ( 0 0 )
348, 126379767, ( 1522 1527 1532 ), ( 0 0 57 ), ( 1 2 3 ), ( 1 1 1 ), ( 0 0 0 )
349, 57288181, ( 291 299 ), ( 0 0 ), ( 1 2 ), ( 1 1 ), ( 0 0 )
350, 126379766, ( 1519 1524 1529 ), ( 0 0 56 ), ( 1 2 3 ), ( 1 1 1 ), ( 0 0 0 )
351, 57288179, ( 288 296 304 ), ( 0 0 56 ), ( 1 2 3 ), ( 1 1 1 ), ( 0 0 0 )
352, 126379764, ( 1516 ), ( 0 ), ( 1 ), ( 1 ), ( 0 )
353, 57288177, ( 285 293 301 ), ( 0 0 57 ), ( 1 2 3 ), ( 1 1 1 ), ( 0 0 0 )
354, 126379762, ( 1513 1521 1526 ), ( 0 0 57 ), ( 1 2 3 ), ( 1 1 1 ), ( 0 0 0 )
355, 57288176, ( 282 290 298 ), ( 0 0 56 ), ( 1 2 3 ), ( 1 1 1 ), ( 0 0 0 )
356, 126379761, ( 1510 1518 1523 ), ( 0 0 56 ), ( 1 2 3 ), ( 1 1 1 ), ( 0 0 0 )
357, 57288174, ( 279 287 295 ), ( 0 0 56 ), ( 1 2 3 ), ( 1 1 1 ), ( 0 0 0 )
358, 126379759, ( 1507 1515 ), ( 0 0 ), ( 1 2 ), ( 1 1 ), ( 0 0 )
359, 57288172, ( 276 284 292 ), ( 0 0 57 ), ( 1 2 3 ), ( 1 1 1 ), ( 0 0 0 )
360, 126379757, ( 1504 1512 1520 ), ( 0 0 57 ), ( 1 2 3 ), ( 1 1 1 ), ( 0 0 0 )
361, 57288171, ( 273 281 289 ), ( 0 0 56 ), ( 1 2 3 ), ( 1 1 1 ), ( 0 0 0 )
362, 126379756, ( 1501 1509 1517 ), ( 0 0 56 ), ( 1 2 3 ), ( 1 1 1 ), ( 0 0 0 )
363, 57288169, ( 270 278 286 ), ( 0 0 56 ), ( 1 2 3 ), ( 1 1 1 ), ( 0 0 0 )
364, 126379754, ( 1498 1506 1514 ), ( 0 0 56 ), ( 1 2 3 ), ( 1 1 1 ), ( 0 0 0 )
365, 57288167, ( 267 275 283 ), ( 0 0 57 ), ( 1 2 3 ), ( 1 1 1 ), ( 0 0 0 )
366, 126379752, ( 1495 1503 1511 ), ( 0 0 57 ), ( 1 2 3 ), ( 1 1 1 ), ( 0 0 0 )
367, 57288166, ( 264 272 280 ), ( 0 0 56 ), ( 1 2 3 ), ( 1 1 1 ), ( 0 0 0 )
368, 126379751, ( 1492 1500 1508 ), ( 0 0 56 ), ( 1 2 3 ), ( 1 1 1 ), ( 0 0 0 )
369, 57288164, ( 261 269 277 ), ( 0 0 56 ), ( 1 2 3 ), ( 1 1 1 ), ( 0 0 0 )
370, 126379749, ( 1489 1497 1505 ), ( 0 0 56 ), ( 1 2 3 ), ( 1 1 1 ), ( 0 0 0 )
371, 57288162, ( 258 266 274 ), ( 0 0 57 ), ( 1 2 3 ), ( 1 1 1 ), ( 0 0 0 )
372, 126379747, ( 1486 1494 1502 ), ( 0 0 57 ), ( 1 2 3 ), ( 1 1 1 ), ( 0 0 0 )
373, 57288161, ( 255 263 271 ), ( 0 0 56 ), ( 1 2 3 ), ( 1 1 1 ), ( 0 0 0 )
374, 126379746, ( 1483 1491 1499 ), ( 0 0 56 ), ( 1 2 3 ), ( 1 1 1 ), ( 0 0 0 )
375, 57288159, ( 252 260 268 ), ( 0 0 56 ), ( 1 2 3 ), ( 1 1 1 ), ( 0 0 0 )
376, 126379744, ( 1480 1488 1496 ), ( 0 0 56 ), ( 1 2 3 ), ( 1 1 1 ), ( 0 0 0 )
377, 57288154, ( 243 251 259 ), ( 0 0 56 ), ( 1 2 3 ), ( 1 1 1 ), ( 0 0 0 )
378, 126379739, ( 1479 1487 ), ( 0 56 ), ( 2 3 ), ( 1 1 ), ( 0 0 )
379, 57288149, ( 242 250 ), ( 0 56 ), ( 2 3 ), ( 1 1 ), ( 0 0 )
380, 126379734, ( 1478 ), ( 56 ), ( 3 ), ( 1 ), ( 0 )
381, 57288157, ( 249 257 265 ), ( 0 0 57 ), ( 1 2 3 ), ( 1 1 1 ), ( 0 0 0 )
382, 126379742, ( 1477 1485 1493 ), ( 0 0 57 ), ( 1 2 3 ), ( 1 1 1 ), ( 0 0 0 )
383, 57288152, ( 248 256 ), ( 0 57 ), ( 2 3 ), ( 1 1 ), ( 0 0 )
384, 126379737, ( 1476 1484 ), ( 0 57 ), ( 2 3 ), ( 1 1 ), ( 0 0 )
385, 57288147, ( 247 ), ( 57 ), ( 3 ), ( 1 ), ( 0 )
386, 126379732, ( 1475 ), ( 57 ), ( 3 ), ( 1 ), ( 0 )
387, 57288156, ( 246 254 262 ), ( 0 0 56 ), ( 1 2 3 ), ( 1 1 1 ), ( 0 0 0 )
388, 126379741, ( 1474 1482 1490 ), ( 0 0 56 ), ( 1 2 3 ), ( 1 1 1 ), ( 0 0 0 )
389, 57288151, ( 245 253 ), ( 0 56 ), ( 2 3 ), ( 1 1 ), ( 0 0 )
390, 126379736, ( 1473 1481 ), ( 0 56 ), ( 2 3 ), ( 1 1 ), ( 0 0 )
391, 3304908, ( 1471 ), ( 0 ), ( 1 ), ( 1 ), ( 0 )
392, 3304905, ( 1465 ), ( 0 ), ( 1 ), ( 1 ), ( 0 )
393, 210523, ( 21 26 34 ), ( 0 0 56 ), ( 1 2 3 ), ( 1 1 1 ), ( 0 0 0 )
394, 95486748, ( 1720 ), ( 0 ), ( 1 ), ( 1 ), ( 0 )
395, 56923598, ( 1400 ), ( 0 ), ( 1 ), ( 1 ), ( 0 )
396, 210518, ( 20 25 ), ( 0 56 ), ( 2 3 ), ( 1 1 ), ( 0 0 )
397, 95486743, ( 1719 1727 ), ( 0 51 ), ( 2 3 ), ( 1 1 ), ( 0 0 )
398, 40257000, ( 1699 ), ( 0 ), ( 1 ), ( 1 ), ( 0 )
399, 56923593, ( 1391 1399 ), ( 0 0 ), ( 1 2 ), ( 1 1 ), ( 0 0 )
400, 210513, ( 19 ), ( 56 ), ( 3 ), ( 1 ), ( 0 )
401, 95486738, ( 1718 ), ( 51 ), ( 3 ), ( 1 ), ( 0 )
402, 40256995, ( 1698 ), ( 0 ), ( 2 ), ( 1 ), ( 0 )
403, 56923588, ( 1382 1390 1398 ), ( 0 0 57 ), ( 1 2 3 ), ( 1 1 1 ), ( 0 0 0 )
404, 40256992, ( 1692 1700 ), ( 0 56 ), ( 2 3 ), ( 1 1 ), ( 0 0 )
405, 56923585, ( 1378 1384 1392 ), ( 0 0 56 ), ( 1 2 3 ), ( 1 1 1 ), ( 0 0 0 )
406, 40256990, ( 1697 ), ( 56 ), ( 3 ), ( 1 ), ( 0 )
407, 56923583, ( 1375 1381 1389 ), ( 0 0 57 ), ( 1 2 3 ), ( 1 1 1 ), ( 0 0 0 )
408, 56923582, ( 1372 1386 ), ( 0 56 ), ( 1 3 ), ( 1 1 ), ( 0 0 )
409, 40256987, ( 1691 ), ( 56 ), ( 3 ), ( 1 ), ( 0 )
410, 56923580, ( 1369 1377 1383 ), ( 0 0 56 ), ( 1 2 3 ), ( 1 1 1 ), ( 0 0 0 )
411, 56923578, ( 1366 1374 1380 ), ( 0 0 57 ), ( 1 2 3 ), ( 1 1 1 ), ( 0 0 0 )
412, 56923577, ( 1363 1371 1379 ), ( 0 0 56 ), ( 1 2 3 ), ( 1 1 1 ), ( 0 0 0 )
413, 56923575, ( 1360 1368 1376 ), ( 0 0 56 ), ( 1 2 3 ), ( 1 1 1 ), ( 0 0 0 )
414, 56923573, ( 1357 1365 1373 ), ( 0 0 57 ), ( 1 2 3 ), ( 1 1 1 ), ( 0 0 0 )
415, 56923568, ( 1356 1364 ), ( 0 57 ), ( 2 3 ), ( 1 1 ), ( 0 0 )
416, 56923563, ( 1355 ), ( 57 ), ( 3 ), ( 1 ), ( 0 )
417, 56923572, ( 1354 1362 1370 ), ( 0 0 56 ), ( 1 2 3 ), ( 1 1 1 ), ( 0 0 0 )
418, 56923567, ( 1353 1361 ), ( 0 56 ), ( 2 3 ), ( 1 1 ), ( 0 0 )
419, 56923562, ( 1352 ), ( 56 ), ( 3 ), ( 1 ), ( 0 )
420, 56923570, ( 1351 1359 1367 ), ( 0 0 56 ), ( 1 2 3 ), ( 1 1 1 ), ( 0 0 0 )
421, 56923565, ( 1350 1358 ), ( 0 56 ), ( 2 3 ), ( 1 1 ), ( 0 0 )
422, 56923558, ( 1348 ), ( 0 ), ( 1 ), ( 1 ), ( 0 )
423, 56923557, ( 1345 ), ( 0 ), ( 1 ), ( 1 ), ( 0 )
424, 56923553, ( 1339 1347 ), ( 0 0 ), ( 1 2 ), ( 1 1 ), ( 0 0 )
425, 56923552, ( 1336 1344 ), ( 0 0 ), ( 1 2 ), ( 1 1 ), ( 0 0 )
426, 85902989, ( 1321 ), ( 0 ), ( 1 ), ( 1 ), ( 0 )
427, 28072191, ( 227 232 ), ( 0 53 ), ( 2 3 ), ( 1 1 ), ( 0 0 )
428, 85902988, ( 1318 ), ( 0 ), ( 1 ), ( 1 ), ( 0 )
429, 85902986, ( 1315 ), ( 0 ), ( 1 ), ( 1 ), ( 0 )
430, 85902984, ( 1312 1320 ), ( 0 0 ), ( 1 2 ), ( 1 1 ), ( 0 0 )
431, 28072186, ( 226 ), ( 53 ), ( 3 ), ( 1 ), ( 0 )
432, 85902983, ( 1309 1317 ), ( 0 0 ), ( 1 2 ), ( 1 1 ), ( 0 0 )
433, 28072181, ( 219 ), ( 0 ), ( 1 ), ( 1 ), ( 0 )
434, 85902978, ( 1308 1316 ), ( 0 56 ), ( 2 3 ), ( 1 1 ), ( 0 0 )
435, 85902981, ( 1306 1314 ), ( 0 0 ), ( 1 2 ), ( 1 1 ), ( 0 0 )
436, 85902979, ( 1303 1311 1319 ), ( 0 0 57 ), ( 1 2 3 ), ( 1 1 1 ), ( 0 0 0 )
437, 85902976, ( 1299 1305 1313 ), ( 0 0 56 ), ( 1 2 3 ), ( 1 1 1 ), ( 0 0 0 )
438, 85902974, ( 1296 1302 1310 ), ( 0 0 57 ), ( 1 2 3 ), ( 1 1 1 ), ( 0 0 0 )
439, 28072176, ( 210 218 ), ( 0 0 ), ( 1 2 ), ( 1 1 ), ( 0 0 )
440, 85902973, ( 1293 1307 ), ( 0 56 ), ( 1 3 ), ( 1 1 ), ( 0 0 )
441, 85902971, ( 1290 1298 1304 ), ( 0 0 56 ), ( 1 2 3 ), ( 1 1 1 ), ( 0 0 0 )
442, 85902969, ( 1287 1295 1301 ), ( 0 0 57 ), ( 1 2 3 ), ( 1 1 1 ), ( 0 0 0 )
443, 28072171, ( 201 209 217 ), ( 0 0 57 ), ( 1 2 3 ), ( 1 1 1 ), ( 0 0 0 )
444, 85902968, ( 1284 1292 1300 ), ( 0 0 56 ), ( 1 2 3 ), ( 1 1 1 ), ( 0 0 0 )
445, 85902966, ( 1281 1289 1297 ), ( 0 0 56 ), ( 1 2 3 ), ( 1 1 1 ), ( 0 0 0 )
446, 85902964, ( 1278 1286 1294 ), ( 0 0 57 ), ( 1 2 3 ), ( 1 1 1 ), ( 0 0 0 )
447, 28072166, ( 192 200 208 ), ( 0 0 57 ), ( 1 2 3 ), ( 1 1 1 ), ( 0 0 0 )
448, 85902963, ( 1275 1283 1291 ), ( 0 0 56 ), ( 1 2 3 ), ( 1 1 1 ), ( 0 0 0 )
449, 85902961, ( 1272 1280 1288 ), ( 0 0 56 ), ( 1 2 3 ), ( 1 1 1 ), ( 0 0 0 )
450, 85902956, ( 1271 1279 ), ( 0 56 ), ( 2 3 ), ( 1 1 ), ( 0 0 )
451, 85902951, ( 1270 ), ( 56 ), ( 3 ), ( 1 ), ( 0 )
452, 85902959, ( 1269 1277 1285 ), ( 0 0 57 ), ( 1 2 3 ), ( 1 1 1 ), ( 0 0 0 )
453, 85902954, ( 1268 1276 ), ( 0 57 ), ( 2 3 ), ( 1 1 ), ( 0 0 )
454, 85902949, ( 1267 ), ( 57 ), ( 3 ), ( 1 ), ( 0 )
455, 28072161, ( 183 191 199 ), ( 0 0 57 ), ( 1 2 3 ), ( 1 1 1 ), ( 0 0 0 )
456, 85902958, ( 1266 1274 1282 ), ( 0 0 56 ), ( 1 2 3 ), ( 1 1 1 ), ( 0 0 0 )
457, 28072156, ( 174 182 190 ), ( 0 0 57 ), ( 1 2 3 ), ( 1 1 1 ), ( 0 0 0 )
458, 85902953, ( 1265 1273 ), ( 0 56 ), ( 2 3 ), ( 1 1 ), ( 0 0 )
459, 28072151, ( 173 181 ), ( 0 57 ), ( 2 3 ), ( 1 1 ), ( 0 0 )
460, 85902948, ( 1264 ), ( 56 ), ( 3 ), ( 1 ), ( 0 )
461, 85902941, ( 1263 ), ( 0 ), ( 1 ), ( 1 ), ( 0 )
462, 85902936, ( 1262 ), ( 0 ), ( 2 ), ( 1 ), ( 0 )
463, 85902931, ( 1261 ), ( 56 ), ( 3 ), ( 1 ), ( 0 )
464, 440708, ( 1260 ), ( 0 ), ( 1 ), ( 1 ), ( 0 )
465, 440703, ( 1259 ), ( 0 ), ( 2 ), ( 1 ), ( 0 )
466, 440698, ( 1258 ), ( 56 ), ( 3 ), ( 1 ), ( 0 )
467, 440696, ( 1257 ), ( 0 ), ( 1 ), ( 1 ), ( 0 )
468, 440693, ( 1253 ), ( 0 ), ( 1 ), ( 1 ), ( 0 )
469, 440691, ( 1250 1256 ), ( 0 0 ), ( 1 2 ), ( 1 1 ), ( 0 0 )
470, 440688, ( 1244 1252 ), ( 0 0 ), ( 1 2 ), ( 1 1 ), ( 0 0 )
471, 440686, ( 1241 1249 1255 ), ( 0 0 53 ), ( 1 2 3 ), ( 1 1 1 ), ( 0 0 0 )
472, 440683, ( 1235 1243 1251 ), ( 0 0 52 ), ( 1 2 3 ), ( 1 1 1 ), ( 0 0 0 )
473, 440678, ( 1234 1242 ), ( 0 52 ), ( 2 3 ), ( 1 1 ), ( 0 0 )
474, 440673, ( 1233 ), ( 52 ), ( 3 ), ( 1 ), ( 0 )
475, 440675, ( 1228 1236 ), ( 0 51 ), ( 2 3 ), ( 1 1 ), ( 0 0 )
476, 440670, ( 1227 ), ( 51 ), ( 3 ), ( 1 ), ( 0 )
477, 9930041, ( 1226 ), ( 0 ), ( 1 ), ( 1 ), ( 0 )
478, 9930038, ( 1220 ), ( 0 ), ( 1 ), ( 1 ), ( 0 )
479, 9930036, ( 1217 1225 ), ( 0 0 ), ( 1 2 ), ( 1 1 ), ( 0 0 )
480, 9930033, ( 1211 1219 ), ( 0 0 ), ( 1 2 ), ( 1 1 ), ( 0 0 )
481, 9930028, ( 1210 1218 ), ( 0 56 ), ( 2 3 ), ( 1 1 ), ( 0 0 )
482, 9930023, ( 1209 ), ( 56 ), ( 3 ), ( 1 ), ( 0 )
483, 9930031, ( 1208 1216 1224 ), ( 0 0 56 ), ( 1 2 3 ), ( 1 1 1 ), ( 0 0 0 )
484, 9930026, ( 1207 1215 ), ( 0 56 ), ( 2 3 ), ( 1 1 ), ( 0 0 )
485, 9930021, ( 1206 ), ( 56 ), ( 3 ), ( 1 ), ( 0 )
486, 9930018, ( 1202 ), ( 0 ), ( 1 ), ( 1 ), ( 0 )
487, 9930016, ( 1199 ), ( 0 ), ( 1 ), ( 1 ), ( 0 )
488, 9930013, ( 1193 1201 ), ( 0 0 ), ( 1 2 ), ( 1 1 ), ( 0 0 )
489, 9930008, ( 1192 1200 ), ( 0 51 ), ( 2 3 ), ( 1 1 ), ( 0 0 )
490, 9930003, ( 1191 ), ( 51 ), ( 3 ), ( 1 ), ( 0 )
491, 9930011, ( 1190 1198 ), ( 0 0 ), ( 1 2 ), ( 1 1 ), ( 0 0 )
492, 9930006, ( 1189 1197 ), ( 0 52 ), ( 2 3 ), ( 1 1 ), ( 0 0 )
493, 9930001, ( 1188 ), ( 52 ), ( 3 ), ( 1 ), ( 0 )
494, 3304903, ( 1462 1470 ), ( 0 0 ), ( 1 2 ), ( 1 1 ), ( 0 0 )
495, 92444103, ( 1184 ), ( 0 ), ( 1 ), ( 1 ), ( 0 )
496, 3304900, ( 1456 1464 ), ( 0 0 ), ( 1 2 ), ( 1 1 ), ( 0 0 )
497, 92444100, ( 1178 ), ( 0 ), ( 1 ), ( 1 ), ( 0 )
498, 3304898, ( 1453 1461 1469 ), ( 0 0 56 ), ( 1 2 3 ), ( 1 1 1 ), ( 0 0 0 )
499, 92444098, ( 1175 1183 ), ( 0 0 ), ( 1 2 ), ( 1 1 ), ( 0 0 )
500, 3304895, ( 1447 1455 1463 ), ( 0 0 56 ), ( 1 2 3 ), ( 1 1 1 ), ( 0 0 0 )
501, 92444095, ( 1169 1177 ), ( 0 0 ), ( 1 2 ), ( 1 1 ), ( 0 0 )
502, 3304893, ( 1444 1452 1460 ), ( 0 0 56 ), ( 1 2 3 ), ( 1 1 1 ), ( 0 0 0 )
503, 92444093, ( 1166 1174 1182 ), ( 0 0 56 ), ( 1 2 3 ), ( 1 1 1 ), ( 0 0 0 )
504, 23141845, ( 112 ), ( 56 ), ( 3 ), ( 1 ), ( 0 )
505, 3304891, ( 1441 1449 1457 ), ( 0 0 57 ), ( 1 2 3 ), ( 1 1 1 ), ( 0 0 0 )
506, 92444091, ( 1163 1171 1179 ), ( 0 0 57 ), ( 1 2 3 ), ( 1 1 1 ), ( 0 0 0 )
507, 3304890, ( 1438 1446 1454 ), ( 0 0 56 ), ( 1 2 3 ), ( 1 1 1 ), ( 0 0 0 )
508, 92444090, ( 1160 1168 1176 ), ( 0 0 56 ), ( 1 2 3 ), ( 1 1 1 ), ( 0 0 0 )
509, 3304888, ( 1435 1443 1451 ), ( 0 0 56 ), ( 1 2 3 ), ( 1 1 1 ), ( 0 0 0 )
510, 92444088, ( 1157 1165 1173 ), ( 0 0 56 ), ( 1 2 3 ), ( 1 1 1 ), ( 0 0 0 )
511, 3304886, ( 1432 1440 1448 ), ( 0 0 57 ), ( 1 2 3 ), ( 1 1 1 ), ( 0 0 0 )
512, 92444086, ( 1154 1162 1170 ), ( 0 0 57 ), ( 1 2 3 ), ( 1 1 1 ), ( 0 0 0 )
513, 3304885, ( 1429 1437 1445 ), ( 0 0 56 ), ( 1 2 3 ), ( 1 1 1 ), ( 0 0 0 )
514, 92444085, ( 1151 1159 1167 ), ( 0 0 56 ), ( 1 2 3 ), ( 1 1 1 ), ( 0 0 0 )
515, 3304883, ( 1426 1434 1442 ), ( 0 0 56 ), ( 1 2 3 ), ( 1 1 1 ), ( 0 0 0 )
516, 92444083, ( 1148 1156 1164 ), ( 0 0 56 ), ( 1 2 3 ), ( 1 1 1 ), ( 0 0 0 )
517, 3304881, ( 1423 1431 1439 ), ( 0 0 57 ), ( 1 2 3 ), ( 1 1 1 ), ( 0 0 0 )
518, 92444081, ( 1145 1153 1161 ), ( 0 0 57 ), ( 1 2 3 ), ( 1 1 1 ), ( 0 0 0 )
519, 3304880, ( 1428 1436 ), ( 0 56 ), ( 2 3 ), ( 1 1 ), ( 0 0 )
520, 92444080, ( 1142 1150 1158 ), ( 0 0 56 ), ( 1 2 3 ), ( 1 1 1 ), ( 0 0 0 )
521, 3304878, ( 1419 1425 1433 ), ( 0 0 56 ), ( 1 2 3 ), ( 1 1 1 ), ( 0 0 0 )
522, 92444078, ( 1139 1147 1155 ), ( 0 0 56 ), ( 1 2 3 ), ( 1 1 1 ), ( 0 0 0 )
523, 3304876, ( 1416 1422 1430 ), ( 0 0 57 ), ( 1 2 3 ), ( 1 1 1 ), ( 0 0 0 )
524, 92444076, ( 1136 1144 1152 ), ( 0 0 57 ), ( 1 2 3 ), ( 1 1 1 ), ( 0 0 0 )
525, 3304875, ( 1427 ), ( 56 ), ( 3 ), ( 1 ), ( 0 )
526, 92444075, ( 1133 1141 1149 ), ( 0 0 56 ), ( 1 2 3 ), ( 1 1 1 ), ( 0 0 0 )
527, 3304873, ( 1412 1418 1424 ), ( 0 0 56 ), ( 1 2 3 ), ( 1 1 1 ), ( 0 0 0 )
528, 92444073, ( 1130 1138 1146 ), ( 0 0 56 ), ( 1 2 3 ), ( 1 1 1 ), ( 0 0 0 )
529, 3304871, ( 1409 1415 1421 ), ( 0 0 57 ), ( 1 2 3 ), ( 1 1 1 ), ( 0 0 0 )
530, 92444071, ( 1127 1135 1143 ), ( 0 0 57 ), ( 1 2 3 ), ( 1 1 1 ), ( 0 0 0 )
531, 3304870, ( 1406 1420 ), ( 0 56 ), ( 1 3 ), ( 1 1 ), ( 0 0 )
532, 92444070, ( 1124 1132 1140 ), ( 0 0 56 ), ( 1 2 3 ), ( 1 1 1 ), ( 0 0 0 )
533, 3304868, ( 1403 1411 1417 ), ( 0 0 56 ), ( 1 2 3 ), ( 1 1 1 ), ( 0 0 0 )
534, 92444068, ( 1121 1129 1137 ), ( 0 0 56 ), ( 1 2 3 ), ( 1 1 1 ), ( 0 0 0 )
535, 3304866, ( 1408 1414 ), ( 0 57 ), ( 2 3 ), ( 1 1 ), ( 0 0 )
536, 92444066, ( 1118 1126 1134 ), ( 0 0 57 ), ( 1 2 3 ), ( 1 1 1 ), ( 0 0 0 )
537, 3304861, ( 1407 ), ( 57 ), ( 3 ), ( 1 ), ( 0 )
538, 92444061, ( 1117 1125 ), ( 0 57 ), ( 2 3 ), ( 1 1 ), ( 0 0 )
539, 92444056, ( 1116 ), ( 57 ), ( 3 ), ( 1 ), ( 0 )
540, 3304865, ( 1405 1413 ), ( 0 56 ), ( 2 3 ), ( 1 1 ), ( 0 0 )
541, 92444065, ( 1115 1123 1131 ), ( 0 0 56 ), ( 1 2 3 ), ( 1 1 1 ), ( 0 0 0 )
542, 3304860, ( 1404 ), ( 56 ), ( 3 ), ( 1 ), ( 0 )
543, 92444060, ( 1114 1122 ), ( 0 56 ), ( 2 3 ), ( 1 1 ), ( 0 0 )
544, 92444055, ( 1113 ), ( 56 ), ( 3 ), ( 1 ), ( 0 )
545, 3304863, ( 1402 1410 ), ( 0 56 ), ( 2 3 ), ( 1 1 ), ( 0 0 )
546, 92444063, ( 1112 1120 1128 ), ( 0 0 56 ), ( 1 2 3 ), ( 1 1 1 ), ( 0 0 0 )
547, 3304858, ( 1401 ), ( 56 ), ( 3 ), ( 1 ), ( 0 )
548, 92444058, ( 1111 1119 ), ( 0 56 ), ( 2 3 ), ( 1 1 ), ( 0 0 )
549, 92444053, ( 1110 ), ( 56 ), ( 3 ), ( 1 ), ( 0 )
550, 60969874, ( 1037 ), ( 57 ), ( 3 ), ( 1 ), ( 0 )
551, 66247200, ( 458 ), ( 0 ), ( 1 ), ( 1 ), ( 0 )
552, 18615181, ( 1033 ), ( 0 ), ( 1 ), ( 1 ), ( 0 )
553, 18615180, ( 1030 ), ( 0 ), ( 1 ), ( 1 ), ( 0 )
554, 66247197, ( 454 460 ), ( 0 0 ), ( 1 2 ), ( 1 1 ), ( 0 0 )
555, 18615178, ( 1027 ), ( 0 ), ( 1 ), ( 1 ), ( 0 )
556, 66247195, ( 451 457 ), ( 0 0 ), ( 1 2 ), ( 1 1 ), ( 0 0 )
557, 18615176, ( 1024 1032 ), ( 0 0 ), ( 1 2 ), ( 1 1 ), ( 0 0 )
558, 66247194, ( 448 ), ( 0 ), ( 1 ), ( 1 ), ( 0 )
559, 18615175, ( 1021 1029 ), ( 0 0 ), ( 1 2 ), ( 1 1 ), ( 0 0 )
560, 66247192, ( 453 459 ), ( 0 56 ), ( 2 3 ), ( 1 1 ), ( 0 0 )
561, 18615173, ( 1018 1026 ), ( 0 0 ), ( 1 2 ), ( 1 1 ), ( 0 0 )
562, 66247190, ( 450 456 ), ( 0 57 ), ( 2 3 ), ( 1 1 ), ( 0 0 )
563, 18615171, ( 1015 1023 1031 ), ( 0 0 57 ), ( 1 2 3 ), ( 1 1 1 ), ( 0 0 0 )
564, 66247189, ( 447 455 ), ( 0 56 ), ( 2 3 ), ( 1 1 ), ( 0 0 )
565, 18615170, ( 1012 1020 1028 ), ( 0 0 56 ), ( 1 2 3 ), ( 1 1 1 ), ( 0 0 0 )
566, 66247187, ( 452 ), ( 56 ), ( 3 ), ( 1 ), ( 0 )
567, 18615168, ( 1009 1017 1025 ), ( 0 0 56 ), ( 1 2 3 ), ( 1 1 1 ), ( 0 0 0 )
568, 66247185, ( 449 ), ( 57 ), ( 3 ), ( 1 ), ( 0 )
569, 18615166, ( 1006 1014 1022 ), ( 0 0 57 ), ( 1 2 3 ), ( 1 1 1 ), ( 0 0 0 )
570, 66247184, ( 446 ), ( 56 ), ( 3 ), ( 1 ), ( 0 )
571, 18615165, ( 1003 1011 1019 ), ( 0 0 56 ), ( 1 2 3 ), ( 1 1 1 ), ( 0 0 0 )
572, 18615163, ( 1000 1008 1016 ), ( 0 0 56 ), ( 1 2 3 ), ( 1 1 1 ), ( 0 0 0 )
573, 18615161, ( 997 1005 1013 ), ( 0 0 57 ), ( 1 2 3 ), ( 1 1 1 ), ( 0 0 0 )
574, 18615160, ( 994 1002 1010 ), ( 0 0 56 ), ( 1 2 3 ), ( 1 1 1 ), ( 0 0 0 )
575, 18615158, ( 991 999 1007 ), ( 0 0 56 ), ( 1 2 3 ), ( 1 1 1 ), ( 0 0 0 )
576, 18615156, ( 988 996 1004 ), ( 0 0 57 ), ( 1 2 3 ), ( 1 1 1 ), ( 0 0 0 )
577, 18615155, ( 985 993 1001 ), ( 0 0 56 ), ( 1 2 3 ), ( 1 1 1 ), ( 0 0 0 )
578, 18615153, ( 982 990 998 ), ( 0 0 56 ), ( 1 2 3 ), ( 1 1 1 ), ( 0 0 0 )
579, 18615151, ( 979 987 995 ), ( 0 0 57 ), ( 1 2 3 ), ( 1 1 1 ), ( 0 0 0 )
580, 18615150, ( 976 984 992 ), ( 0 0 56 ), ( 1 2 3 ), ( 1 1 1 ), ( 0 0 0 )
581, 18615148, ( 973 981 989 ), ( 0 0 56 ), ( 1 2 3 ), ( 1 1 1 ), ( 0 0 0 )
582, 18615143, ( 972 980 ), ( 0 56 ), ( 2 3 ), ( 1 1 ), ( 0 0 )
583, 18615138, ( 971 ), ( 56 ), ( 3 ), ( 1 ), ( 0 )
584, 18615146, ( 970 978 986 ), ( 0 0 57 ), ( 1 2 3 ), ( 1 1 1 ), ( 0 0 0 )
585, 18615141, ( 969 977 ), ( 0 57 ), ( 2 3 ), ( 1 1 ), ( 0 0 )
586, 18615136, ( 968 ), ( 57 ), ( 3 ), ( 1 ), ( 0 )
587, 18615145, ( 967 975 983 ), ( 0 0 56 ), ( 1 2 3 ), ( 1 1 1 ), ( 0 0 0 )
588, 18615140, ( 966 974 ), ( 0 56 ), ( 2 3 ), ( 1 1 ), ( 0 0 )
589, 18615135, ( 965 ), ( 56 ), ( 3 ), ( 1 ), ( 0 )
590, 1207051, ( 958 ), ( 0 ), ( 1 ), ( 1 ), ( 0 )
591, 1207046, ( 949 957 ), ( 0 0 ), ( 1 2 ), ( 1 1 ), ( 0 0 )
592, 1207041, ( 940 948 956 ), ( 0 0 56 ), ( 1 2 3 ), ( 1 1 1 ), ( 0 0 0 )
593, 23141895, ( 162 ), ( 0 ), ( 1 ), ( 1 ), ( 0 )
594, 1207036, ( 931 939 947 ), ( 0 0 56 ), ( 1 2 3 ), ( 1 1 1 ), ( 0 0 0 )
595, 23141890, ( 156 161 ), ( 0 0 ), ( 1 2 ), ( 1 1 ), ( 0 0 )
596, 1207031, ( 922 930 938 ), ( 0 0 56 ), ( 1 2 3 ), ( 1 1 1 ), ( 0 0 0 )
597, 23141885, ( 150 155 160 ), ( 0 0 51 ), ( 1 2 3 ), ( 1 1 1 ), ( 0 0 0 )
598, 1207026, ( 913 921 929 ), ( 0 0 56 ), ( 1 2 3 ), ( 1 1 1 ), ( 0 0 0 )
599, 23141880, ( 141 149 154 ), ( 0 0 51 ), ( 1 2 3 ), ( 1 1 1 ), ( 0 0 0 )
600, 1207021, ( 912 920 ), ( 0 56 ), ( 2 3 ), ( 1 1 ), ( 0 0 )
601, 23141875, ( 132 140 148 ), ( 0 0 51 ), ( 1 2 3 ), ( 1 1 1 ), ( 0 0 0 )
602, 1207016, ( 911 ), ( 56 ), ( 3 ), ( 1 ), ( 0 )
603, 23141866, ( 133 ), ( 53 ), ( 3 ), ( 1 ), ( 0 )
604, 1207007, ( 907 ), ( 0 ), ( 1 ), ( 1 ), ( 0 )
605, 23141865, ( 130 ), ( 51 ), ( 3 ), ( 1 ), ( 0 )
606, 1207006, ( 904 ), ( 0 ), ( 1 ), ( 1 ), ( 0 )
607, 23141863, ( 129 ), ( 0 ), ( 1 ), ( 1 ), ( 0 )
608, 1207004, ( 901 ), ( 0 ), ( 1 ), ( 1 ), ( 0 )
609, 23141858, ( 120 128 ), ( 0 0 ), ( 1 2 ), ( 1 1 ), ( 0 0 )
610, 1206999, ( 900 ), ( 0 ), ( 2 ), ( 1 ), ( 0 )
611, 23141853, ( 111 119 127 ), ( 0 0 56 ), ( 1 2 3 ), ( 1 1 1 ), ( 0 0 0 )
612, 1206994, ( 899 ), ( 56 ), ( 3 ), ( 1 ), ( 0 )
613, 23141861, ( 126 ), ( 0 ), ( 1 ), ( 1 ), ( 0 )
614, 1207002, ( 898 906 ), ( 0 0 ), ( 1 2 ), ( 1 1 ), ( 0 0 )
615, 23141856, ( 117 125 ), ( 0 0 ), ( 1 2 ), ( 1 1 ), ( 0 0 )
616, 1206997, ( 897 905 ), ( 0 57 ), ( 2 3 ), ( 1 1 ), ( 0 0 )
617, 23141860, ( 123 ), ( 0 ), ( 1 ), ( 1 ), ( 0 )
618, 3304906, ( 1468 ), ( 0 ), ( 1 ), ( 1 ), ( 0 )
619, 1207001, ( 895 903 ), ( 0 0 ), ( 1 2 ), ( 1 1 ), ( 0 0 )
620, 23141855, ( 114 122 ), ( 0 0 ), ( 1 2 ), ( 1 1 ), ( 0 0 )
621, 3304901, ( 1459 1467 ), ( 0 0 ), ( 1 2 ), ( 1 1 ), ( 0 0 )
622, 92444101, ( 1181 ), ( 0 ), ( 1 ), ( 1 ), ( 0 )
623, 1206996, ( 894 902 ), ( 0 56 ), ( 2 3 ), ( 1 1 ), ( 0 0 )
624, 23141850, ( 113 121 ), ( 0 56 ), ( 2 3 ), ( 1 1 ), ( 0 0 )
625, 3304896, ( 1450 1458 1466 ), ( 0 0 57 ), ( 1 2 3 ), ( 1 1 1 ), ( 0 0 0 )
626, 92444096, ( 1172 1180 ), ( 0 0 ), ( 1 2 ), ( 1 1 ), ( 0 0 )
627, 1206991, ( 893 ), ( 56 ), ( 3 ), ( 1 ), ( 0 )
628, 112760077, ( 892 ), ( 0 ), ( 1 ), ( 1 ), ( 0 )
629, 87297950, ( 1834 ), ( 56 ), ( 3 ), ( 1 ), ( 0 )
630, 112760075, ( 889 ), ( 0 ), ( 1 ), ( 1 ), ( 0 )
631, 112760074, ( 886 ), ( 0 ), ( 1 ), ( 1 ), ( 0 )
632, 112760072, ( 883 891 ), ( 0 0 ), ( 1 2 ), ( 1 1 ), ( 0 0 )
633, 87297945, ( 1827 ), ( 0 ), ( 1 ), ( 1 ), ( 0 )
634, 112760070, ( 880 888 ), ( 0 0 ), ( 1 2 ), ( 1 1 ), ( 0 0 )
635, 112760069, ( 877 885 ), ( 0 0 ), ( 1 2 ), ( 1 1 ), ( 0 0 )
636, 114534670, ( 859 ), ( 0 ), ( 1 ), ( 1 ), ( 0 )
637, 114534665, ( 850 858 ), ( 0 0 ), ( 1 2 ), ( 1 1 ), ( 0 0 )
638, 114534660, ( 841 849 857 ), ( 0 0 56 ), ( 1 2 3 ), ( 1 1 1 ), ( 0 0 0 )
639, 114534655, ( 832 840 848 ), ( 0 0 56 ), ( 1 2 3 ), ( 1 1 1 ), ( 0 0 0 )
640, 114534650, ( 823 831 839 ), ( 0 0 56 ), ( 1 2 3 ), ( 1 1 1 ), ( 0 0 0 )
641, 114534645, ( 822 830 ), ( 0 56 ), ( 2 3 ), ( 1 1 ), ( 0 0 )
642, 114534640, ( 821 ), ( 56 ), ( 3 ), ( 1 ), ( 0 )
643, 125535661, ( 791 ), ( 52 ), ( 3 ), ( 1 ), ( 0 )
644, 125535659, ( 788 ), ( 53 ), ( 3 ), ( 1 ), ( 0 )
645, 105790977, ( 371 379 ), ( 0 57 ), ( 2 3 ), ( 1 1 ), ( 0 0 )
646, 125535658, ( 785 ), ( 51 ), ( 3 ), ( 1 ), ( 0 )
647, 125535651, ( 784 ), ( 0 ), ( 1 ), ( 1 ), ( 0 )
648, 125535646, ( 783 ), ( 0 ), ( 2 ), ( 1 ), ( 0 )
649, 125535641, ( 782 ), ( 52 ), ( 3 ), ( 1 ), ( 0 )
650, 110567368, ( 781 ), ( 0 ), ( 1 ), ( 1 ), ( 0 )
651, 110567367, ( 778 ), ( 0 ), ( 1 ), ( 1 ), ( 0 )
652, 110567365, ( 775 ), ( 0 ), ( 1 ), ( 1 ), ( 0 )
653, 110567363, ( 772 780 ), ( 0 0 ), ( 1 2 ), ( 1 1 ), ( 0 0 )
654, 110567362, ( 769 777 ), ( 0 0 ), ( 1 2 ), ( 1 1 ), ( 0 0 )
655, 110567360, ( 766 774 ), ( 0 0 ), ( 1 2 ), ( 1 1 ), ( 0 0 )
656, 110567358, ( 763 771 779 ), ( 0 0 57 ), ( 1 2 3 ), ( 1 1 1 ), ( 0 0 0 )
657, 110567357, ( 760 768 776 ), ( 0 0 56 ), ( 1 2 3 ), ( 1 1 1 ), ( 0 0 0 )
658, 110567355, ( 757 765 773 ), ( 0 0 56 ), ( 1 2 3 ), ( 1 1 1 ), ( 0 0 0 )
659, 110567350, ( 756 764 ), ( 0 56 ), ( 2 3 ), ( 1 1 ), ( 0 0 )
660, 110567345, ( 755 ), ( 56 ), ( 3 ), ( 1 ), ( 0 )
661, 110567353, ( 754 762 770 ), ( 0 0 57 ), ( 1 2 3 ), ( 1 1 1 ), ( 0 0 0 )
662, 110567348, ( 753 761 ), ( 0 57 ), ( 2 3 ), ( 1 1 ), ( 0 0 )
663, 110567343, ( 752 ), ( 57 ), ( 3 ), ( 1 ), ( 0 )
664, 110567352, ( 751 759 767 ), ( 0 0 56 ), ( 1 2 3 ), ( 1 1 1 ), ( 0 0 0 )
665, 110567347, ( 750 758 ), ( 0 56 ), ( 2 3 ), ( 1 1 ), ( 0 0 )
666, 110567342, ( 749 ), ( 56 ), ( 3 ), ( 1 ), ( 0 )
667, 210573, ( 81 ), ( 0 ), ( 1 ), ( 1 ), ( 0 )
668, 110567340, ( 748 ), ( 0 ), ( 1 ), ( 1 ), ( 0 )
669, 210571, ( 78 ), ( 0 ), ( 1 ), ( 1 ), ( 0 )
670, 110567338, ( 745 ), ( 0 ), ( 1 ), ( 1 ), ( 0 )
671, 210570, ( 75 ), ( 0 ), ( 1 ), ( 1 ), ( 0 )
672, 110567337, ( 742 ), ( 0 ), ( 1 ), ( 1 ), ( 0 )
673, 210568, ( 72 80 ), ( 0 0 ), ( 1 2 ), ( 1 1 ), ( 0 0 )
674, 110567335, ( 739 747 ), ( 0 0 ), ( 1 2 ), ( 1 1 ), ( 0 0 )
675, 210566, ( 69 77 ), ( 0 0 ), ( 1 2 ), ( 1 1 ), ( 0 0 )
676, 95486791, ( 1760 ), ( 0 ), ( 1 ), ( 1 ), ( 0 )
677, 110567333, ( 736 744 ), ( 0 0 ), ( 1 2 ), ( 1 1 ), ( 0 0 )
678, 210561, ( 60 68 76 ), ( 0 0 57 ), ( 1 2 3 ), ( 1 1 1 ), ( 0 0 0 )
679, 95486786, ( 1751 1759 ), ( 0 0 ), ( 1 2 ), ( 1 1 ), ( 0 0 )
680, 110567328, ( 735 743 ), ( 0 53 ), ( 2 3 ), ( 1 1 ), ( 0 0 )
681, 210556, ( 59 67 ), ( 0 57 ), ( 2 3 ), ( 1 1 ), ( 0 0 )
682, 95486781, ( 1742 1750 1758 ), ( 0 0 52 ), ( 1 2 3 ), ( 1 1 1 ), ( 0 0 0 )
683, 110567323, ( 734 ), ( 53 ), ( 3 ), ( 1 ), ( 0 )
684, 210563, ( 63 71 79 ), ( 0 0 56 ), ( 1 2 3 ), ( 1 1 1 ), ( 0 0 0 )
685, 95486788, ( 1754 ), ( 0 ), ( 1 ), ( 1 ), ( 0 )
686, 110567330, ( 730 738 746 ), ( 0 0 52 ), ( 1 2 3 ), ( 1 1 1 ), ( 0 0 0 )
687, 210558, ( 62 70 ), ( 0 56 ), ( 2 3 ), ( 1 1 ), ( 0 0 )
688, 95486783, ( 1745 1753 ), ( 0 0 ), ( 1 2 ), ( 1 1 ), ( 0 0 )
689, 110567325, ( 729 737 ), ( 0 52 ), ( 2 3 ), ( 1 1 ), ( 0 0 )
690, 210553, ( 61 ), ( 56 ), ( 3 ), ( 1 ), ( 0 )
691, 95486778, ( 1736 1744 1752 ), ( 0 0 51 ), ( 1 2 3 ), ( 1 1 1 ), ( 0 0 0 )
692, 110567320, ( 728 ), ( 52 ), ( 3 ), ( 1 ), ( 0 )
693, 70872142, ( 724 ), ( 0 ), ( 1 ), ( 1 ), ( 0 )
694, 70872140, ( 721 ), ( 0 ), ( 1 ), ( 1 ), ( 0 )
695, 70872139, ( 718 ), ( 0 ), ( 1 ), ( 1 ), ( 0 )
696, 70872137, ( 715 723 ), ( 0 0 ), ( 1 2 ), ( 1 1 ), ( 0 0 )
697, 70872135, ( 712 720 ), ( 0 0 ), ( 1 2 ), ( 1 1 ), ( 0 0 )
698, 114534673, ( 820 ), ( 0 ), ( 1 ), ( 1 ), ( 0 )
699, 70872134, ( 709 717 ), ( 0 0 ), ( 1 2 ), ( 1 1 ), ( 0 0 )
700, 70872132, ( 706 714 722 ), ( 0 0 56 ), ( 1 2 3 ), ( 1 1 1 ), ( 0 0 0 )
701, 70872130, ( 703 711 719 ), ( 0 0 57 ), ( 1 2 3 ), ( 1 1 1 ), ( 0 0 0 )
702, 114534668, ( 856 ), ( 0 ), ( 1 ), ( 1 ), ( 0 )
703, 70872129, ( 700 708 716 ), ( 0 0 56 ), ( 1 2 3 ), ( 1 1 1 ), ( 0 0 0 )
704, 114534663, ( 847 855 ), ( 0 0 ), ( 1 2 ), ( 1 1 ), ( 0 0 )
705, 70872124, ( 691 699 707 ), ( 0 0 56 ), ( 1 2 3 ), ( 1 1 1 ), ( 0 0 0 )
706, 114534658, ( 819 838 846 854 ), ( 0 0 0 56 ), ( 2 1 2 3 ), ( 1 1 1 1 ), ( 0 0 0 0 )
707, 70872119, ( 682 690 698 ), ( 0 0 56 ), ( 1 2 3 ), ( 1 1 1 ), ( 0 0 0 )
708, 114534653, ( 829 837 845 ), ( 0 0 56 ), ( 1 2 3 ), ( 1 1 1 ), ( 0 0 0 )
709, 70872114, ( 673 681 689 ), ( 0 0 56 ), ( 1 2 3 ), ( 1 1 1 ), ( 0 0 0 )
710, 70872100, ( 665 ), ( 57 ), ( 3 ), ( 1 ), ( 0 )
711, 114534648, ( 828 836 ), ( 0 56 ), ( 2 3 ), ( 1 1 ), ( 0 0 )
712, 70872109, ( 664 672 680 ), ( 0 0 56 ), ( 1 2 3 ), ( 1 1 1 ), ( 0 0 0 )
713, 114534643, ( 818 827 ), ( 56 56 ), ( 3 3 ), ( 1 1 ), ( 0 0 )
714, 70872104, ( 663 671 ), ( 0 56 ), ( 2 3 ), ( 1 1 ), ( 0 0 )
715, 70872099, ( 662 ), ( 56 ), ( 3 ), ( 1 ), ( 0 )
716, 70872097, ( 659 ), ( 56 ), ( 3 ), ( 1 ), ( 0 )
717, 70872095, ( 658 ), ( 0 ), ( 1 ), ( 1 ), ( 0 )
718, 70872094, ( 655 ), ( 0 ), ( 1 ), ( 1 ), ( 0 )
719, 70872092, ( 652 ), ( 0 ), ( 1 ), ( 1 ), ( 0 )
720, 70872089, ( 646 654 ), ( 0 0 ), ( 1 2 ), ( 1 1 ), ( 0 0 )
721, 70872084, ( 645 653 ), ( 0 51 ), ( 2 3 ), ( 1 1 ), ( 0 0 )
722, 102979513, ( 609 617 625 ), ( 0 0 56 ), ( 1 2 3 ), ( 1 1 1 ), ( 0 0 0 )
723, 102979491, ( 570 578 586 ), ( 0 0 57 ), ( 1 2 3 ), ( 1 1 1 ), ( 0 0 0 )
724, 9930004, ( 1186 1194 ), ( 0 53 ), ( 2 3 ), ( 1 1 ), ( 0 0 )
725, 102979490, ( 567 575 583 ), ( 0 0 56 ), ( 1 2 3 ), ( 1 1 1 ), ( 0 0 0 )
726, 102979488, ( 564 572 580 ), ( 0 0 56 ), ( 1 2 3 ), ( 1 1 1 ), ( 0 0 0 )
727, 102979486, ( 561 569 577 ), ( 0 0 57 ), ( 1 2 3 ), ( 1 1 1 ), ( 0 0 0 )
728, 9929999, ( 1185 ), ( 53 ), ( 3 ), ( 1 ), ( 0 )
729, 102979485, ( 558 566 574 ), ( 0 0 56 ), ( 1 2 3 ), ( 1 1 1 ), ( 0 0 0 )
730, 73810338, ( 510 ), ( 0 ), ( 1 ), ( 1 ), ( 0 )
731, 73810337, ( 507 ), ( 0 ), ( 1 ), ( 1 ), ( 0 )
732, 73810335, ( 504 ), ( 0 ), ( 1 ), ( 1 ), ( 0 )
733, 73810333, ( 501 509 ), ( 0 0 ), ( 1 2 ), ( 1 1 ), ( 0 0 )
734, 73810332, ( 498 506 ), ( 0 0 ), ( 1 2 ), ( 1 1 ), ( 0 0 )
735, 73810327, ( 497 505 ), ( 0 56 ), ( 2 3 ), ( 1 1 ), ( 0 0 )
736, 73810322, ( 496 ), ( 56 ), ( 3 ), ( 1 ), ( 0 )
737, 73810330, ( 495 503 ), ( 0 0 ), ( 1 2 ), ( 1 1 ), ( 0 0 )
738, 73810325, ( 494 502 ), ( 0 56 ), ( 2 3 ), ( 1 1 ), ( 0 0 )
739, 73810320, ( 493 ), ( 56 ), ( 3 ), ( 1 ), ( 0 )
740, 5922382, ( 492 ), ( 0 ), ( 1 ), ( 1 ), ( 0 )
741, 114534666, ( 853 ), ( 0 ), ( 1 ), ( 1 ), ( 0 )
742, 70872127, ( 697 705 713 ), ( 0 0 56 ), ( 1 2 3 ), ( 1 1 1 ), ( 0 0 0 )
743, 5922381, ( 489 ), ( 0 ), ( 1 ), ( 1 ), ( 0 )
744, 70872125, ( 694 702 710 ), ( 0 0 57 ), ( 1 2 3 ), ( 1 1 1 ), ( 0 0 0 )
745, 5922379, ( 486 ), ( 0 ), ( 1 ), ( 1 ), ( 0 )
746, 5922377, ( 483 491 ), ( 0 0 ), ( 1 2 ), ( 1 1 ), ( 0 0 )
747, 114534661, ( 844 852 ), ( 0 0 ), ( 1 2 ), ( 1 1 ), ( 0 0 )
748, 70872122, ( 688 696 704 ), ( 0 0 56 ), ( 1 2 3 ), ( 1 1 1 ), ( 0 0 0 )
749, 5922376, ( 480 488 ), ( 0 0 ), ( 1 2 ), ( 1 1 ), ( 0 0 )
750, 70872120, ( 685 693 701 ), ( 0 0 57 ), ( 1 2 3 ), ( 1 1 1 ), ( 0 0 0 )
751, 5922374, ( 477 485 ), ( 0 0 ), ( 1 2 ), ( 1 1 ), ( 0 0 )
752, 5922372, ( 474 482 490 ), ( 0 0 57 ), ( 1 2 3 ), ( 1 1 1 ), ( 0 0 0 )
753, 114534656, ( 835 843 851 ), ( 0 0 57 ), ( 1 2 3 ), ( 1 1 1 ), ( 0 0 0 )
754, 70872117, ( 679 687 695 ), ( 0 0 56 ), ( 1 2 3 ), ( 1 1 1 ), ( 0 0 0 )
755, 5922371, ( 471 479 487 ), ( 0 0 56 ), ( 1 2 3 ), ( 1 1 1 ), ( 0 0 0 )
756, 70872115, ( 676 684 692 ), ( 0 0 57 ), ( 1 2 3 ), ( 1 1 1 ), ( 0 0 0 )
757, 5922369, ( 468 476 484 ), ( 0 0 56 ), ( 1 2 3 ), ( 1 1 1 ), ( 0 0 0 )
758, 70872110, ( 667 675 683 ), ( 0 0 57 ), ( 1 2 3 ), ( 1 1 1 ), ( 0 0 0 )
759, 5922364, ( 467 475 ), ( 0 56 ), ( 2 3 ), ( 1 1 ), ( 0 0 )
760, 70872105, ( 666 674 ), ( 0 57 ), ( 2 3 ), ( 1 1 ), ( 0 0 )
761, 5922359, ( 466 ), ( 56 ), ( 3 ), ( 1 ), ( 0 )
762, 5922367, ( 465 473 481 ), ( 0 0 57 ), ( 1 2 3 ), ( 1 1 1 ), ( 0 0 0 )
763, 5922362, ( 464 472 ), ( 0 57 ), ( 2 3 ), ( 1 1 ), ( 0 0 )
764, 5922357, ( 463 ), ( 57 ), ( 3 ), ( 1 ), ( 0 )
765, 114534651, ( 826 834 842 ), ( 0 0 57 ), ( 1 2 3 ), ( 1 1 1 ), ( 0 0 0 )
766, 70872112, ( 670 678 686 ), ( 0 0 56 ), ( 1 2 3 ), ( 1 1 1 ), ( 0 0 0 )
767, 5922366, ( 462 470 478 ), ( 0 0 56 ), ( 1 2 3 ), ( 1 1 1 ), ( 0 0 0 )
768, 114534646, ( 825 833 ), ( 0 57 ), ( 2 3 ), ( 1 1 ), ( 0 0 )
769, 70872107, ( 661 669 677 ), ( 0 0 56 ), ( 1 2 3 ), ( 1 1 1 ), ( 0 0 0 )
770, 5922361, ( 469 ), ( 56 ), ( 3 ), ( 1 ), ( 0 )
771, 114534641, ( 824 ), ( 57 ), ( 3 ), ( 1 ), ( 0 )
772, 70872102, ( 660 668 ), ( 0 56 ), ( 2 3 ), ( 1 1 ), ( 0 0 )
773, 68427726, ( 445 ), ( 0 ), ( 1 ), ( 1 ), ( 0 )
774, 70872090, ( 649 657 ), ( 0 0 ), ( 1 2 ), ( 1 1 ), ( 0 0 )
775, 68427723, ( 441 ), ( 0 ), ( 1 ), ( 1 ), ( 0 )
776, 70872087, ( 651 ), ( 0 ), ( 2 ), ( 1 ), ( 0 )
777, 68427721, ( 438 444 ), ( 0 0 ), ( 1 2 ), ( 1 1 ), ( 0 0 )
778, 70872085, ( 648 656 ), ( 0 53 ), ( 2 3 ), ( 1 1 ), ( 0 0 )
779, 68427716, ( 429 437 443 ), ( 0 0 56 ), ( 1 2 3 ), ( 1 1 1 ), ( 0 0 0 )
780, 70872080, ( 647 ), ( 53 ), ( 3 ), ( 1 ), ( 0 )
781, 68427711, ( 428 436 ), ( 0 56 ), ( 2 3 ), ( 1 1 ), ( 0 0 )
782, 68427719, ( 435 ), ( 0 ), ( 1 ), ( 1 ), ( 0 )
783, 68427714, ( 434 442 ), ( 0 57 ), ( 2 3 ), ( 1 1 ), ( 0 0 )
784, 68427709, ( 433 ), ( 57 ), ( 3 ), ( 1 ), ( 0 )
785, 68427704, ( 426 ), ( 0 ), ( 1 ), ( 1 ), ( 0 )
786, 68427674, ( 390 398 ), ( 0 0 ), ( 1 2 ), ( 1 1 ), ( 0 0 )
787, 117816353, ( 1570 1578 1586 ), ( 0 0 56 ), ( 1 2 3 ), ( 1 1 1 ), ( 0 0 0 )
788, 117816348, ( 1561 1569 1577 ), ( 0 0 56 ), ( 1 2 3 ), ( 1 1 1 ), ( 0 0 0 )
789, 68427669, ( 389 397 ), ( 0 57 ), ( 2 3 ), ( 1 1 ), ( 0 0 )
790, 68427664, ( 388 ), ( 57 ), ( 3 ), ( 1 ), ( 0 )
791, 117816355, ( 1573 1581 1589 ), ( 0 0 56 ), ( 1 2 3 ), ( 1 1 1 ), ( 0 0 0 )
792, 117816350, ( 1564 1572 1580 ), ( 0 0 56 ), ( 1 2 3 ), ( 1 1 1 ), ( 0 0 0 )
793, 117816345, ( 1555 1563 1571 ), ( 0 0 56 ), ( 1 2 3 ), ( 1 1 1 ), ( 0 0 0 )
794, 117816338, ( 1559 ), ( 56 ), ( 3 ), ( 1 ), ( 0 )
795, 117816335, ( 1553 ), ( 56 ), ( 3 ), ( 1 ), ( 0 )
796, 102979533, ( 643 ), ( 0 ), ( 1 ), ( 1 ), ( 0 )
797, 102979531, ( 640 ), ( 0 ), ( 1 ), ( 1 ), ( 0 )
798, 102979530, ( 637 ), ( 0 ), ( 1 ), ( 1 ), ( 0 )
799, 102979528, ( 634 642 ), ( 0 0 ), ( 1 2 ), ( 1 1 ), ( 0 0 )
800, 102979523, ( 627 633 641 ), ( 0 0 56 ), ( 1 2 3 ), ( 1 1 1 ), ( 0 0 0 )
801, 102979518, ( 618 626 632 ), ( 0 0 56 ), ( 1 2 3 ), ( 1 1 1 ), ( 0 0 0 )
802, 102979526, ( 631 639 ), ( 0 0 ), ( 1 2 ), ( 1 1 ), ( 0 0 )
803, 102979521, ( 624 630 638 ), ( 0 0 57 ), ( 1 2 3 ), ( 1 1 1 ), ( 0 0 0 )
804, 102979516, ( 615 623 629 ), ( 0 0 57 ), ( 1 2 3 ), ( 1 1 1 ), ( 0 0 0 )
805, 9930039, ( 1223 ), ( 0 ), ( 1 ), ( 1 ), ( 0 )
806, 102979525, ( 636 ), ( 0 ), ( 2 ), ( 1 ), ( 0 )
807, 9930034, ( 1214 1222 ), ( 0 0 ), ( 1 2 ), ( 1 1 ), ( 0 0 )
808, 102979520, ( 621 635 ), ( 0 56 ), ( 1 3 ), ( 1 1 ), ( 0 0 )
809, 9930029, ( 1213 1221 ), ( 0 57 ), ( 2 3 ), ( 1 1 ), ( 0 0 )
810, 102979515, ( 612 620 628 ), ( 0 0 56 ), ( 1 2 3 ), ( 1 1 1 ), ( 0 0 0 )
811, 105790932, ( 320 325 ), ( 0 57 ), ( 2 3 ), ( 1 1 ), ( 0 0 )
812, 105790927, ( 319 ), ( 57 ), ( 3 ), ( 1 ), ( 0 )
813, 87297998, ( 1899 ), ( 0 ), ( 1 ), ( 1 ), ( 0 )
814, 87297993, ( 1896 1898 ), ( 0 0 ), ( 1 2 ), ( 1 1 ), ( 0 0 )
815, 87297988, ( 1887 1895 1897 ), ( 0 0 56 ), ( 1 2 3 ), ( 1 1 1 ), ( 0 0 0 )
816, 73810382, ( 552 ), ( 0 ), ( 1 ), ( 1 ), ( 0 )
817, 73810358, ( 518 526 ), ( 0 57 ), ( 2 3 ), ( 1 1 ), ( 0 0 )
818, 73810353, ( 517 ), ( 57 ), ( 3 ), ( 1 ), ( 0 )
819, 73810357, ( 515 523 ), ( 0 56 ), ( 2 3 ), ( 1 1 ), ( 0 0 )
820, 73810352, ( 514 ), ( 56 ), ( 3 ), ( 1 ), ( 0 )
821, 73810355, ( 512 520 ), ( 0 56 ), ( 2 3 ), ( 1 1 ), ( 0 0 )
822, 73810350, ( 511 ), ( 56 ), ( 3 ), ( 1 ), ( 0 )
823, 125535694, ( 817 ), ( 0 ), ( 1 ), ( 1 ), ( 0 )
824, 125535689, ( 808 816 ), ( 0 0 ), ( 1 2 ), ( 1 1 ), ( 0 0 )
825, 125535684, ( 807 815 ), ( 0 57 ), ( 2 3 ), ( 1 1 ), ( 0 0 )
826, 125535681, ( 809 ), ( 56 ), ( 3 ), ( 1 ), ( 0 )
827, 125535679, ( 806 ), ( 57 ), ( 3 ), ( 1 ), ( 0 )
828, 125535678, ( 803 ), ( 56 ), ( 3 ), ( 1 ), ( 0 )
829, 125535676, ( 802 ), ( 0 ), ( 1 ), ( 1 ), ( 0 )
830, 125535671, ( 793 801 ), ( 0 0 ), ( 1 2 ), ( 1 1 ), ( 0 0 )
831, 125535666, ( 792 800 ), ( 0 52 ), ( 2 3 ), ( 1 1 ), ( 0 0 )
832, 125535674, ( 799 ), ( 0 ), ( 1 ), ( 1 ), ( 0 )
833, 125535669, ( 790 798 ), ( 0 0 ), ( 1 2 ), ( 1 1 ), ( 0 0 )
834, 125535664, ( 789 797 ), ( 0 53 ), ( 2 3 ), ( 1 1 ), ( 0 0 )
835, 125535673, ( 796 ), ( 0 ), ( 1 ), ( 1 ), ( 0 )
836, 105790987, ( 381 ), ( 0 ), ( 1 ), ( 1 ), ( 0 )
837, 125535668, ( 787 795 ), ( 0 0 ), ( 1 2 ), ( 1 1 ), ( 0 0 )
838, 105790982, ( 372 380 ), ( 0 0 ), ( 1 2 ), ( 1 1 ), ( 0 0 )
839, 125535663, ( 786 794 ), ( 0 51 ), ( 2 3 ), ( 1 1 ), ( 0 0 )
840, 440690, ( 1247 ), ( 0 ), ( 1 ), ( 1 ), ( 0 )
841, 440685, ( 1238 1246 1254 ), ( 0 0 51 ), ( 1 2 3 ), ( 1 1 1 ), ( 0 0 0 )
842, 440680, ( 1229 1237 1245 ), ( 0 0 51 ), ( 1 2 3 ), ( 1 1 1 ), ( 0 0 0 )
843, 114760694, ( 2 ), ( 0 ), ( 2 ), ( 1 ), ( 0 )
844, 114760689, ( 1 ), ( 53 ), ( 3 ), ( 1 ), ( 0 )
845, 114760686, ( 2045 ), ( 0 ), ( 1 ), ( 1 ), ( 0 )
846, 114760681, ( 2037 2044 ), ( 0 0 ), ( 1 2 ), ( 1 1 ), ( 0 0 )
847, 114760679, ( 2034 2042 ), ( 0 0 ), ( 1 2 ), ( 1 1 ), ( 0 0 )
848, 114760674, ( 2025 2033 2041 ), ( 0 0 57 ), ( 1 2 3 ), ( 1 1 1 ), ( 0 0 0 )
849, 114760669, ( 2016 2024 2032 ), ( 0 0 57 ), ( 1 2 3 ), ( 1 1 1 ), ( 0 0 0 )
850, 114760666, ( 2010 2018 2026 ), ( 0 0 56 ), ( 1 2 3 ), ( 1 1 1 ), ( 0 0 0 )
851, 114760664, ( 2015 2023 ), ( 0 57 ), ( 2 3 ), ( 1 1 ), ( 0 0 )
852, 114760661, ( 2009 2017 ), ( 0 56 ), ( 2 3 ), ( 1 1 ), ( 0 0 )
853, 114760659, ( 2014 ), ( 57 ), ( 3 ), ( 1 ), ( 0 )
854, 114760656, ( 2008 ), ( 56 ), ( 3 ), ( 1 ), ( 0 )
855, 125535691, ( 811 ), ( 0 ), ( 1 ), ( 1 ), ( 0 )
856, 125535686, ( 810 ), ( 0 ), ( 2 ), ( 1 ), ( 0 )
857, 125535693, ( 814 ), ( 0 ), ( 1 ), ( 1 ), ( 0 )
858, 125535688, ( 805 813 ), ( 0 0 ), ( 1 2 ), ( 1 1 ), ( 0 0 )
859, 125535683, ( 804 812 ), ( 0 56 ), ( 2 3 ), ( 1 1 ), ( 0 0 )
860, 60969879, ( 1038 1046 ), ( 0 57 ), ( 2 3 ), ( 1 1 ), ( 0 0 )
861, 60969923, ( 1106 ), ( 0 ), ( 1 ), ( 1 ), ( 0 )
862, 60969919, ( 1100 1108 ), ( 0 0 ), ( 1 2 ), ( 1 1 ), ( 0 0 )
863, 60969914, ( 1091 1099 1107 ), ( 0 0 57 ), ( 1 2 3 ), ( 1 1 1 ), ( 0 0 0 )
864, 60969909, ( 1082 1090 1098 ), ( 0 0 57 ), ( 1 2 3 ), ( 1 1 1 ), ( 0 0 0 )
865, 60969904, ( 1073 1081 1089 ), ( 0 0 57 ), ( 1 2 3 ), ( 1 1 1 ), ( 0 0 0 )
866, 60969899, ( 1064 1072 1080 ), ( 0 0 57 ), ( 1 2 3 ), ( 1 1 1 ), ( 0 0 0 )
867, 60969894, ( 1057 1063 1071 ), ( 0 0 57 ), ( 1 2 3 ), ( 1 1 1 ), ( 0 0 0 )
868, 60969889, ( 1048 1056 1062 ), ( 0 0 57 ), ( 1 2 3 ), ( 1 1 1 ), ( 0 0 0 )
869, 60969884, ( 1039 1047 1055 ), ( 0 0 57 ), ( 1 2 3 ), ( 1 1 1 ), ( 0 0 0 )
870, 69234208, ( 1763 1771 1779 ), ( 0 0 56 ), ( 1 2 3 ), ( 1 1 1 ), ( 0 0 0 )
871, 56923597, ( 1397 ), ( 0 ), ( 1 ), ( 1 ), ( 0 )
872, 69234203, ( 1762 1770 ), ( 0 56 ), ( 2 3 ), ( 1 1 ), ( 0 0 )
873, 56923592, ( 1388 1396 ), ( 0 0 ), ( 1 2 ), ( 1 1 ), ( 0 0 )
874, 69234198, ( 1761 ), ( 56 ), ( 3 ), ( 1 ), ( 0 )
875, 56923587, ( 1387 1395 ), ( 0 56 ), ( 2 3 ), ( 1 1 ), ( 0 0 )
876, 56923560, ( 1349 ), ( 56 ), ( 3 ), ( 1 ), ( 0 )
877, 56923555, ( 1342 ), ( 0 ), ( 1 ), ( 1 ), ( 0 )
878, 56923550, ( 1333 1341 ), ( 0 0 ), ( 1 2 ), ( 1 1 ), ( 0 0 )
879, 56923548, ( 1330 1338 1346 ), ( 0 0 53 ), ( 1 2 3 ), ( 1 1 1 ), ( 0 0 0 )
880, 56923547, ( 1327 1335 1343 ), ( 0 0 51 ), ( 1 2 3 ), ( 1 1 1 ), ( 0 0 0 )
881, 56923545, ( 1324 1332 1340 ), ( 0 0 52 ), ( 1 2 3 ), ( 1 1 1 ), ( 0 0 0 )
882, 56923543, ( 1329 1337 ), ( 0 53 ), ( 2 3 ), ( 1 1 ), ( 0 0 )
883, 56923542, ( 1326 1334 ), ( 0 51 ), ( 2 3 ), ( 1 1 ), ( 0 0 )
884, 56923540, ( 1323 1331 ), ( 0 52 ), ( 2 3 ), ( 1 1 ), ( 0 0 )
885, 56923538, ( 1328 ), ( 53 ), ( 3 ), ( 1 ), ( 0 )
886, 56923537, ( 1325 ), ( 51 ), ( 3 ), ( 1 ), ( 0 )
887, 56923535, ( 1322 ), ( 52 ), ( 3 ), ( 1 ), ( 0 )
888, 68427718, ( 432 440 ), ( 0 0 ), ( 1 2 ), ( 1 1 ), ( 0 0 )
889, 70872082, ( 650 ), ( 52 ), ( 3 ), ( 1 ), ( 0 )
890, 68427713, ( 431 439 ), ( 0 56 ), ( 2 3 ), ( 1 1 ), ( 0 0 )
891, 68427708, ( 430 ), ( 56 ), ( 3 ), ( 1 ), ( 0 )
892, 68427703, ( 423 ), ( 0 ), ( 1 ), ( 1 ), ( 0 )
893, 117816391, ( 1621 ), ( 0 ), ( 1 ), ( 1 ), ( 0 )
894, 117816375, ( 1609 ), ( 0 ), ( 1 ), ( 1 ), ( 0 )
895, 117816370, ( 1600 1608 ), ( 0 0 ), ( 1 2 ), ( 1 1 ), ( 0 0 )
896, 117816365, ( 1591 1599 1607 ), ( 0 0 56 ), ( 1 2 3 ), ( 1 1 1 ), ( 0 0 0 )
897, 117816360, ( 1582 1590 1598 ), ( 0 0 56 ), ( 1 2 3 ), ( 1 1 1 ), ( 0 0 0 )
898, 117816363, ( 1588 1596 1604 ), ( 0 0 56 ), ( 1 2 3 ), ( 1 1 1 ), ( 0 0 0 )
899, 117816358, ( 1579 1587 1595 ), ( 0 0 56 ), ( 1 2 3 ), ( 1 1 1 ), ( 0 0 0 )
900, 60969918, ( 1097 1105 ), ( 0 0 ), ( 1 2 ), ( 1 1 ), ( 0 0 )
901, 60969916, ( 1094 1102 ), ( 0 0 ), ( 1 2 ), ( 1 1 ), ( 0 0 )
902, 60969913, ( 1088 1096 1104 ), ( 0 0 56 ), ( 1 2 3 ), ( 1 1 1 ), ( 0 0 0 )
903, 60969911, ( 1085 1093 1101 ), ( 0 0 56 ), ( 1 2 3 ), ( 1 1 1 ), ( 0 0 0 )
904, 60969906, ( 1076 1084 1092 ), ( 0 0 56 ), ( 1 2 3 ), ( 1 1 1 ), ( 0 0 0 )
905, 60969901, ( 1067 1075 1083 ), ( 0 0 56 ), ( 1 2 3 ), ( 1 1 1 ), ( 0 0 0 )
906, 60969908, ( 1079 1087 1095 ), ( 0 0 56 ), ( 1 2 3 ), ( 1 1 1 ), ( 0 0 0 )
907, 60969903, ( 1070 1078 1086 ), ( 0 0 56 ), ( 1 2 3 ), ( 1 1 1 ), ( 0 0 0 )
908, 60969898, ( 1069 1077 ), ( 0 56 ), ( 2 3 ), ( 1 1 ), ( 0 0 )
909, 60969896, ( 1060 1066 1074 ), ( 0 0 56 ), ( 1 2 3 ), ( 1 1 1 ), ( 0 0 0 )
910, 60969893, ( 1054 1068 ), ( 0 56 ), ( 1 3 ), ( 1 1 ), ( 0 0 )
911, 60969891, ( 1051 1059 1065 ), ( 0 0 56 ), ( 1 2 3 ), ( 1 1 1 ), ( 0 0 0 )
912, 60969888, ( 1045 1053 1061 ), ( 0 0 56 ), ( 1 2 3 ), ( 1 1 1 ), ( 0 0 0 )
913, 60969886, ( 1042 1050 1058 ), ( 0 0 56 ), ( 1 2 3 ), ( 1 1 1 ), ( 0 0 0 )
914, 60969883, ( 1036 1044 1052 ), ( 0 0 56 ), ( 1 2 3 ), ( 1 1 1 ), ( 0 0 0 )
915, 60969881, ( 1041 1049 ), ( 0 56 ), ( 2 3 ), ( 1 1 ), ( 0 0 )
916, 60969878, ( 1035 1043 ), ( 0 56 ), ( 2 3 ), ( 1 1 ), ( 0 0 )
917, 60969876, ( 1040 ), ( 56 ), ( 3 ), ( 1 ), ( 0 )
918, 60969873, ( 1034 ), ( 56 ), ( 3 ), ( 1 ), ( 0 )
919, 57288144, ( 241 ), ( 56 ), ( 3 ), ( 1 ), ( 0 )
920, 1207052, ( 961 ), ( 0 ), ( 1 ), ( 1 ), ( 0 )
921, 1207047, ( 952 960 ), ( 0 0 ), ( 1 2 ), ( 1 1 ), ( 0 0 )
922, 1207042, ( 943 951 959 ), ( 0 0 57 ), ( 1 2 3 ), ( 1 1 1 ), ( 0 0 0 )
923, 23141896, ( 165 ), ( 0 ), ( 1 ), ( 1 ), ( 0 )
924, 1207037, ( 934 942 950 ), ( 0 0 57 ), ( 1 2 3 ), ( 1 1 1 ), ( 0 0 0 )
925, 23141891, ( 159 164 ), ( 0 0 ), ( 1 2 ), ( 1 1 ), ( 0 0 )
926, 1207032, ( 925 933 941 ), ( 0 0 57 ), ( 1 2 3 ), ( 1 1 1 ), ( 0 0 0 )
927, 23141886, ( 153 158 163 ), ( 0 0 53 ), ( 1 2 3 ), ( 1 1 1 ), ( 0 0 0 )
928, 1207027, ( 916 924 932 ), ( 0 0 57 ), ( 1 2 3 ), ( 1 1 1 ), ( 0 0 0 )
929, 23141876, ( 135 143 151 ), ( 0 0 53 ), ( 1 2 3 ), ( 1 1 1 ), ( 0 0 0 )
930, 1207017, ( 914 ), ( 57 ), ( 3 ), ( 1 ), ( 0 )
931, 23141878, ( 138 146 ), ( 0 0 ), ( 1 2 ), ( 1 1 ), ( 0 0 )
932, 1207019, ( 909 917 ), ( 0 56 ), ( 2 3 ), ( 1 1 ), ( 0 0 )
933, 23141873, ( 137 145 ), ( 0 52 ), ( 2 3 ), ( 1 1 ), ( 0 0 )
934, 1207014, ( 908 ), ( 56 ), ( 3 ), ( 1 ), ( 0 )
935, 112760067, ( 874 882 890 ), ( 0 0 56 ), ( 1 2 3 ), ( 1 1 1 ), ( 0 0 0 )
936, 87297940, ( 1826 ), ( 0 ), ( 2 ), ( 1 ), ( 0 )
937, 112760065, ( 871 879 887 ), ( 0 0 57 ), ( 1 2 3 ), ( 1 1 1 ), ( 0 0 0 )
938, 112760062, ( 873 881 ), ( 0 56 ), ( 2 3 ), ( 1 1 ), ( 0 0 )
939, 87297935, ( 1825 ), ( 51 ), ( 3 ), ( 1 ), ( 0 )
940, 112760060, ( 870 878 ), ( 0 57 ), ( 2 3 ), ( 1 1 ), ( 0 0 )
941, 112760059, ( 867 875 ), ( 0 56 ), ( 2 3 ), ( 1 1 ), ( 0 0 )
942, 112760057, ( 872 ), ( 56 ), ( 3 ), ( 1 ), ( 0 )
943, 112760055, ( 869 ), ( 57 ), ( 3 ), ( 1 ), ( 0 )
944, 112760054, ( 866 ), ( 56 ), ( 3 ), ( 1 ), ( 0 )
945, 112760047, ( 865 ), ( 0 ), ( 1 ), ( 1 ), ( 0 )
946, 112760042, ( 864 ), ( 0 ), ( 2 ), ( 1 ), ( 0 )
947, 112760037, ( 863 ), ( 56 ), ( 3 ), ( 1 ), ( 0 )
948, 73810380, ( 549 ), ( 0 ), ( 1 ), ( 1 ), ( 0 )
949, 73810378, ( 546 ), ( 0 ), ( 1 ), ( 1 ), ( 0 )
950, 73810377, ( 543 551 ), ( 0 0 ), ( 1 2 ), ( 1 1 ), ( 0 0 )
951, 73810375, ( 540 548 ), ( 0 0 ), ( 1 2 ), ( 1 1 ), ( 0 0 )
952, 112760025, ( 862 ), ( 0 ), ( 1 ), ( 1 ), ( 0 )
953, 73810373, ( 537 545 ), ( 0 0 ), ( 1 2 ), ( 1 1 ), ( 0 0 )
954, 112760020, ( 861 ), ( 0 ), ( 2 ), ( 1 ), ( 0 )
955, 73810368, ( 528 536 544 ), ( 0 0 57 ), ( 1 2 3 ), ( 1 1 1 ), ( 0 0 0 )
956, 112760015, ( 860 ), ( 57 ), ( 3 ), ( 1 ), ( 0 )
957, 73810363, ( 519 527 535 ), ( 0 0 57 ), ( 1 2 3 ), ( 1 1 1 ), ( 0 0 0 )
958, 73810372, ( 534 542 550 ), ( 0 0 56 ), ( 1 2 3 ), ( 1 1 1 ), ( 0 0 0 )
959, 73810367, ( 525 533 541 ), ( 0 0 56 ), ( 1 2 3 ), ( 1 1 1 ), ( 0 0 0 )
960, 73810362, ( 516 524 532 ), ( 0 0 56 ), ( 1 2 3 ), ( 1 1 1 ), ( 0 0 0 )
961, 73810370, ( 531 539 547 ), ( 0 0 56 ), ( 1 2 3 ), ( 1 1 1 ), ( 0 0 0 )
962, 73810365, ( 522 530 538 ), ( 0 0 56 ), ( 1 2 3 ), ( 1 1 1 ), ( 0 0 0 )
963, 73810360, ( 513 521 529 ), ( 0 0 56 ), ( 1 2 3 ), ( 1 1 1 ), ( 0 0 0 )
964, 23141851, ( 116 124 ), ( 0 57 ), ( 2 3 ), ( 1 1 ), ( 0 0 )
965, 1206992, ( 896 ), ( 57 ), ( 3 ), ( 1 ), ( 0 )
966, 73810328, ( 500 508 ), ( 0 57 ), ( 2 3 ), ( 1 1 ), ( 0 0 )
967, 73810323, ( 499 ), ( 57 ), ( 3 ), ( 1 ), ( 0 )
968, 102979511, ( 606 614 622 ), ( 0 0 57 ), ( 1 2 3 ), ( 1 1 1 ), ( 0 0 0 )
969, 102979508, ( 600 608 616 ), ( 0 0 56 ), ( 1 2 3 ), ( 1 1 1 ), ( 0 0 0 )
970, 102979506, ( 597 605 613 ), ( 0 0 57 ), ( 1 2 3 ), ( 1 1 1 ), ( 0 0 0 )
971, 102979501, ( 588 596 604 ), ( 0 0 57 ), ( 1 2 3 ), ( 1 1 1 ), ( 0 0 0 )
972, 102979496, ( 579 587 595 ), ( 0 0 57 ), ( 1 2 3 ), ( 1 1 1 ), ( 0 0 0 )
973, 102979503, ( 591 599 607 ), ( 0 0 56 ), ( 1 2 3 ), ( 1 1 1 ), ( 0 0 0 )
974, 102979498, ( 582 590 598 ), ( 0 0 56 ), ( 1 2 3 ), ( 1 1 1 ), ( 0 0 0 )
975, 102979493, ( 573 581 589 ), ( 0 0 56 ), ( 1 2 3 ), ( 1 1 1 ), ( 0 0 0 )
976, 102979483, ( 555 563 571 ), ( 0 0 56 ), ( 1 2 3 ), ( 1 1 1 ), ( 0 0 0 )
977, 440681, ( 1232 1240 1248 ), ( 0 0 53 ), ( 1 2 3 ), ( 1 1 1 ), ( 0 0 0 )
978, 440676, ( 1231 1239 ), ( 0 53 ), ( 2 3 ), ( 1 1 ), ( 0 0 )
979, 440671, ( 1230 ), ( 53 ), ( 3 ), ( 1 ), ( 0 )
980, 23141881, ( 144 152 157 ), ( 0 0 53 ), ( 1 2 3 ), ( 1 1 1 ), ( 0 0 0 )
981, 1207022, ( 915 923 ), ( 0 57 ), ( 2 3 ), ( 1 1 ), ( 0 0 )
982, 60969924, ( 1109 ), ( 0 ), ( 1 ), ( 1 ), ( 0 )
983, 60969921, ( 1103 ), ( 0 ), ( 1 ), ( 1 ), ( 0 )
984, 112760064, ( 868 876 884 ), ( 0 0 56 ), ( 1 2 3 ), ( 1 1 1 ), ( 0 0 0 )
985, 57288146, ( 244 ), ( 56 ), ( 3 ), ( 1 ), ( 0 )
986, 126379731, ( 1472 ), ( 56 ), ( 3 ), ( 1 ), ( 0 )
987, 1207054, ( 964 ), ( 0 ), ( 1 ), ( 1 ), ( 0 )
988, 1207049, ( 955 963 ), ( 0 0 ), ( 1 2 ), ( 1 1 ), ( 0 0 )
989, 1207044, ( 946 954 962 ), ( 0 0 56 ), ( 1 2 3 ), ( 1 1 1 ), ( 0 0 0 )
990, 1207039, ( 937 945 953 ), ( 0 0 56 ), ( 1 2 3 ), ( 1 1 1 ), ( 0 0 0 )
991, 1207034, ( 928 936 944 ), ( 0 0 56 ), ( 1 2 3 ), ( 1 1 1 ), ( 0 0 0 )
992, 1207029, ( 919 927 935 ), ( 0 0 56 ), ( 1 2 3 ), ( 1 1 1 ), ( 0 0 0 )
993, 23141883, ( 147 ), ( 0 ), ( 1 ), ( 1 ), ( 0 )
994, 1207024, ( 910 918 926 ), ( 0 0 56 ), ( 1 2 3 ), ( 1 1 1 ), ( 0 0 0 )
995, 70872079, ( 644 ), ( 51 ), ( 3 ), ( 1 ), ( 0 )
996, 210565, ( 66 74 ), ( 0 0 ), ( 1 2 ), ( 1 1 ), ( 0 0 )
997, 110567332, ( 733 741 ), ( 0 0 ), ( 1 2 ), ( 1 1 ), ( 0 0 )
998, 210560, ( 57 65 73 ), ( 0 0 56 ), ( 1 2 3 ), ( 1 1 1 ), ( 0 0 0 )
999, 110567327, ( 727 732 740 ), ( 0 0 51 ), ( 1 2 3 ), ( 1 1 1 ), ( 0 0 0 )
1000, 210555, ( 56 64 ), ( 0 56 ), ( 2 3 ), ( 1 1 ), ( 0 0 )
1001, 69234241, ( 1821 ), ( 0 ), ( 1 ), ( 1 ), ( 0 )
1002, 110567322, ( 726 731 ), ( 0 51 ), ( 2 3 ), ( 1 1 ), ( 0 0 )
1003, 210550, ( 55 ), ( 56 ), ( 3 ), ( 1 ), ( 0 )
1004, 69234236, ( 1812 1820 ), ( 0 0 ), ( 1 2 ), ( 1 1 ), ( 0 0 )
1005, 110567317, ( 725 ), ( 51 ), ( 3 ), ( 1 ), ( 0 )
1006, 210520, ( 23 28 ), ( 0 56 ), ( 2 3 ), ( 1 1 ), ( 0 0 )
1007, 69234206, ( 1768 1776 ), ( 0 57 ), ( 2 3 ), ( 1 1 ), ( 0 0 )
1008, 40257002, ( 1702 ), ( 0 ), ( 1 ), ( 1 ), ( 0 )
1009, 56923595, ( 1394 ), ( 0 ), ( 1 ), ( 1 ), ( 0 )
1010, 210515, ( 22 ), ( 56 ), ( 3 ), ( 1 ), ( 0 )
1011, 69234201, ( 1767 ), ( 57 ), ( 3 ), ( 1 ), ( 0 )
1012, 40256997, ( 1693 1701 ), ( 0 0 ), ( 1 2 ), ( 1 1 ), ( 0 0 )
1013, 56923590, ( 1385 1393 ), ( 0 0 ), ( 1 2 ), ( 1 1 ), ( 0 0 )
1014, 9930024, ( 1212 ), ( 57 ), ( 3 ), ( 1 ), ( 0 )
1015, 102979510, ( 603 611 619 ), ( 0 0 56 ), ( 1 2 3 ), ( 1 1 1 ), ( 0 0 0 )
1016, 9930019, ( 1205 ), ( 0 ), ( 1 ), ( 1 ), ( 0 )
1017, 102979505, ( 594 602 610 ), ( 0 0 56 ), ( 1 2 3 ), ( 1 1 1 ), ( 0 0 0 )
1018, 9930014, ( 1196 1204 ), ( 0 0 ), ( 1 2 ), ( 1 1 ), ( 0 0 )
1019, 102979500, ( 585 593 601 ), ( 0 0 56 ), ( 1 2 3 ), ( 1 1 1 ), ( 0 0 0 )
1020, 9930009, ( 1187 1195 1203 ), ( 0 0 53 ), ( 1 2 3 ), ( 1 1 1 ), ( 0 0 0 )
1021, 102979495, ( 576 584 592 ), ( 0 0 56 ), ( 1 2 3 ), ( 1 1 1 ), ( 0 0 0 )
1022, 102979480, ( 557 565 ), ( 0 56 ), ( 2 3 ), ( 1 1 ), ( 0 0 )
1023, 102979478, ( 554 562 ), ( 0 56 ), ( 2 3 ), ( 1 1 ), ( 0 0 )
1024, 102979475, ( 556 ), ( 56 ), ( 3 ), ( 1 ), ( 0 )
1025, 102979473, ( 553 ), ( 56 ), ( 3 ), ( 1 ), ( 0 )
1026, 102979481, ( 560 568 ), ( 0 57 ), ( 2 3 ), ( 1 1 ), ( 0 0 )
1027, 102979476, ( 559 ), ( 57 ), ( 3 ), ( 1 ), ( 0 )

